parc_name,parcel_name,zALFF_sws_total_p,zfALFF_sws_total_p,zDCbin_sws_total_p,zDCwei_sws_total_p,fALFF_sws_total_p,zReHo_sws_total_p,gmd_sws_total_p,sws_total
17Networks_17,gmd_17Networks_17zReHo_17Networks_17fALFF_17Networks_17zDCwei_17Networks_17,0,0,0,0.953697991276688,0.471142284770773,0.987670947035281,0.716641112481037,3.12915233556378
17Networks_16,gmd_17Networks_16zReHo_17Networks_16fALFF_17Networks_16zDCwei_17Networks_16,0,0,0,0.661924443952827,0.755138645372664,0.59137249188857,0.320792947450863,2.32922852866492
17Networks_15,gmd_17Networks_15zReHo_17Networks_15fALFF_17Networks_15zDCwei_17Networks_15,0,0,0,0.987772837198604,0.439418321248283,0.277174911141663,0.440125135770733,2.14449120535928
17Networks_14,gmd_17Networks_14zReHo_17Networks_14fALFF_17Networks_14zDCwei_17Networks_14,0,0,0,0.860030012309287,0.311358933548229,0.589983488244804,0.865470409616968,2.62684284371929
17Networks_13,gmd_17Networks_13zReHo_17Networks_13fALFF_17Networks_13zDCwei_17Networks_13,0,0,0,0.996028374451467,0.428135380721721,0.720432991947725,0.562963824329431,2.70756057145034
17Networks_12,gmd_17Networks_12zReHo_17Networks_12fALFF_17Networks_12zDCwei_17Networks_12,0,0,0,0.84395429242575,0.26331495820513,0.917840623004243,0.768981514162404,2.79409138779753
17Networks_11,gmd_17Networks_11zReHo_17Networks_11fALFF_17Networks_11zDCwei_17Networks_11,0,0,0,0.791787466408317,0.227532970445777,0.311986362771939,0.826300226214386,2.15760702584042
17Networks_10,gmd_17Networks_10zReHo_17Networks_10fALFF_17Networks_10zDCwei_17Networks_10,0,0,0,0.798571011883931,0.105471759092441,0.358073112227092,0.598351806878446,1.86046769008191
17Networks_9,gmd_17Networks_9zReHo_17Networks_9fALFF_17Networks_9zDCwei_17Networks_9,0,0,0,0.309237321558901,0.196521444954981,0.242514059350198,0.447395136963249,1.19566796282733
17Networks_8,gmd_17Networks_8zReHo_17Networks_8fALFF_17Networks_8zDCwei_17Networks_8,0,0,0,0.592699850463859,0.381350226364086,0.560196244470429,0.277858636988553,1.81210495828693
17Networks_7,gmd_17Networks_7zReHo_17Networks_7fALFF_17Networks_7zDCwei_17Networks_7,0,0,0,0.344700573686399,0.073766651128183,0.352100718092094,0.38916989321943,1.15973783612611
17Networks_6,gmd_17Networks_6zReHo_17Networks_6fALFF_17Networks_6zDCwei_17Networks_6,0,0,0,0.608251920280982,0.147966154057684,0.543382647019829,0.689660265403055,1.98926098676155
17Networks_5,gmd_17Networks_5zReHo_17Networks_5fALFF_17Networks_5zDCwei_17Networks_5,0,0,0,0.229046889777376,0.070496636291132,0.117646455405738,0.827830484428887,1.24502046590313
17Networks_4,gmd_17Networks_4zReHo_17Networks_4fALFF_17Networks_4zDCwei_17Networks_4,0,0,0,0.544191340974038,0.017026057656504,0.088475555339251,0.387947627150315,1.03764058112011
17Networks_3,gmd_17Networks_3zReHo_17Networks_3fALFF_17Networks_3zDCwei_17Networks_3,0,0,0,0.523710063061018,0.045311170238092,0.34983902500318,0.243671938985787,1.16253219728808
17Networks_2,gmd_17Networks_2zReHo_17Networks_2fALFF_17Networks_2zDCwei_17Networks_2,0,0,0,0.452845621527002,0.046684902106706,0.113489265970695,0.959026000067861,1.57204578967226
17Networks_1,gmd_17Networks_1zReHo_17Networks_1fALFF_17Networks_1zDCwei_17Networks_1,0,0,0,0.778825666527608,0.188674168230257,0.556458143428452,0.883961648063103,2.40791962624942
17Networks_RH_TempPar_3,gmd_17Networks_RH_TempPar_3zDCwei_17Networks_RH_TempPar_3zDCbin_17Networks_RH_TempPar_3zReHo_17Networks_RH_TempPar_3zfALFF_17Networks_RH_TempPar_3zALFF_17Networks_RH_TempPar_3,0.494229553618647,0.612690118475733,0.123090743218618,0.174229174361493,0,0.502855336078586,0.487615686532963,2.39471061228604
lPFtha_R,gmd_lPFtha_RzReHo_lPFtha_RzfALFF_lPFtha_RzALFF_lPFtha_RzDCwei_lPFtha_RzDCbin_lPFtha_R,0.198681065016243,0.544176443207736,0.157583925738904,0.067833315751651,0,0.271573654619588,0.816131742901216,2.05598014723534
lPFtha_L,gmd_lPFtha_LzReHo_lPFtha_LzfALFF_lPFtha_LzALFF_lPFtha_LzDCwei_lPFtha_LzDCbin_lPFtha_L,0.628210831649,0.050339256916694,0.028121991475068,0.015990096263725,0,0.088667340090226,0.847753499035547,1.65908301543026
cTtha_R,gmd_cTtha_RzReHo_cTtha_RzfALFF_cTtha_RzALFF_cTtha_RzDCwei_cTtha_RzDCbin_cTtha_R,0.093361328871231,0.358019781350068,0.356373145480726,0.308448295488667,0,0.881926518502123,0.99029752485339,2.98842659454621
cTtha_L,gmd_cTtha_LzReHo_cTtha_LzfALFF_cTtha_LzALFF_cTtha_LzDCwei_cTtha_LzDCbin_cTtha_L,0.174210192229247,0.065931546469603,0.124426311368781,0.09291735164247,0,0.295922924371045,0.80372537532353,1.55713370140468
Otha_R,gmd_Otha_RzReHo_Otha_RzfALFF_Otha_RzALFF_Otha_RzDCwei_Otha_RzDCbin_Otha_R,0.188785434205235,0.128342900864178,0.160250524872811,0.145542062135418,0,0.43133278858209,0.706479230326018,1.76073294098575
Otha_L,gmd_Otha_LzReHo_Otha_LzfALFF_Otha_LzALFF_Otha_LzDCwei_Otha_LzDCbin_Otha_L,0.416135395512954,0.023499150363637,0.18734418653304,0.161278795429997,0,0.045855262808633,0.785292780775478,1.61940557142374
PPtha_R,gmd_PPtha_RzReHo_PPtha_RzfALFF_PPtha_RzALFF_PPtha_RzDCwei_PPtha_RzDCbin_PPtha_R,0.13280625303747,0.095920919803695,0.291638636754342,0.220919829955989,0,0.244495636397334,0.733709302480489,1.71949057842932
PPtha_L,gmd_PPtha_LzReHo_PPtha_LzfALFF_PPtha_LzALFF_PPtha_LzDCwei_PPtha_LzDCbin_PPtha_L,0.270677829788527,0.093869886335608,0.20513900961529,0.180653246281248,0,0.233392553034755,0.750577760010453,1.73431028506588
rTtha_R,gmd_rTtha_RzReHo_rTtha_RzfALFF_rTtha_RzALFF_rTtha_RzDCwei_rTtha_RzDCbin_rTtha_R,0.460739840652431,0.025384255310422,0.058733173202253,0.049560777295917,0,0.294274837085407,0.643989424239958,1.53268230778639
rTtha_L,gmd_rTtha_LzReHo_rTtha_LzfALFF_rTtha_LzALFF_rTtha_LzDCwei_rTtha_LzDCbin_rTtha_L,0.449689833807904,0.031150413675611,0.357044282329515,0.358620495094557,0,0.256248011978338,0.812945667371064,2.26569870425699
Stha_R,gmd_Stha_RzReHo_Stha_RzfALFF_Stha_RzALFF_Stha_RzDCwei_Stha_RzDCbin_Stha_R,0.182373768689888,0.018550134442944,0.208039641368868,0.124655652319353,0,0.094078175996628,0.812572204679787,1.44026957749747
Stha_L,gmd_Stha_LzReHo_Stha_LzfALFF_Stha_LzALFF_Stha_LzDCwei_Stha_LzDCbin_Stha_L,0.486202236517802,0.029610724223747,0.122312917276598,0.099944401591264,0,0.107261030993003,0.790297372988468,1.63562868359088
mPMtha_R,gmd_mPMtha_RzReHo_mPMtha_RzfALFF_mPMtha_RzALFF_mPMtha_RzDCwei_mPMtha_RzDCbin_mPMtha_R,0.356143050985968,0.200912765480166,0.107044023673836,0.073548288264923,0,0.085406500017563,0.864989813595747,1.6880444420182
mPMtha_L,gmd_mPMtha_LzReHo_mPMtha_LzfALFF_mPMtha_LzALFF_mPMtha_LzDCwei_mPMtha_LzDCbin_mPMtha_L,0.224843710735052,0.022681843309348,0.015144386151709,0.012772771101107,0,0.137278304149643,0.800834709626531,1.21355572507339
mPFtha_R,gmd_mPFtha_RzReHo_mPFtha_RzfALFF_mPFtha_RzALFF_mPFtha_RzDCwei_mPFtha_RzDCbin_mPFtha_R,0.402610371405553,0.241538555533919,0.179060690937615,0.225364712342288,0,0.18238640992832,0.833283154209206,2.0642438943569
mPFtha_L,gmd_mPFtha_LzReHo_mPFtha_LzfALFF_mPFtha_LzALFF_mPFtha_LzDCwei_mPFtha_LzDCbin_mPFtha_L,0.506833563382528,0.047677145157065,0.1098086985003,0.146862244648069,0,0.139999070314158,0.852954345304437,1.80413506730656
dlPu_R,gmd_dlPu_RzReHo_dlPu_RzfALFF_dlPu_RzALFF_dlPu_RzDCwei_dlPu_RzDCbin_dlPu_R,0.196159273758463,0.181253197081901,0.129179441489196,0.129839203888167,0,0.911063968455947,0.847490553366318,2.39498563803999
dlPu_L,gmd_dlPu_LzReHo_dlPu_LzfALFF_dlPu_LzALFF_dlPu_LzDCwei_dlPu_LzDCbin_dlPu_L,0.653353756728076,0.461034636173629,0.061732403476236,0.022261638616997,0,0.321757294269493,0.718493378808782,2.23863310807321
dCa_R,gmd_dCa_RzReHo_dCa_RzfALFF_dCa_RzALFF_dCa_RzDCwei_dCa_RzDCbin_dCa_R,0.985206878355439,0.196802415511581,0.786959802985341,0.709099654000457,0,0.297965665186729,0.756604703551497,3.73263911959104
dCa_L,gmd_dCa_LzReHo_dCa_LzfALFF_dCa_LzALFF_dCa_LzDCwei_dCa_LzDCbin_dCa_L,0.054596682232287,0.285436223858998,0.781702082554471,0.738739382349348,0,0.151008655562301,0.35450485728243,2.36598788383984
vmPu_R,gmd_vmPu_RzReHo_vmPu_RzfALFF_vmPu_RzALFF_vmPu_RzDCwei_vmPu_RzDCbin_vmPu_R,0.394633792741718,0.220712833392621,0.499665707487758,0.438276088479225,0,0.471419724895809,0.768706994554016,2.79341514155115
vmPu_L,gmd_vmPu_LzReHo_vmPu_LzfALFF_vmPu_LzALFF_vmPu_LzDCwei_vmPu_LzDCbin_vmPu_L,0.887674532560153,0.919339473182353,0.39109390463478,0.367215458985979,0,0.812778460775002,0.781696854073129,4.1597986842114
NAC_R,gmd_NAC_RzReHo_NAC_RzfALFF_NAC_RzALFF_NAC_RzDCwei_NAC_RzDCbin_NAC_R,0.904520132215271,0.261174155915036,0.955256540396424,0.799688470940994,0,0.442690848528754,0.581267501837217,3.9445976498337
NAC_L,gmd_NAC_LzReHo_NAC_LzfALFF_NAC_LzALFF_NAC_LzDCwei_NAC_LzDCbin_NAC_L,0.976327200002969,0.099220516863009,0.55228060238206,0.571958412569743,0,0.383681918914981,0.621572055054124,3.20504070578689
GP_R,gmd_GP_RzReHo_GP_RzfALFF_GP_RzALFF_GP_RzDCwei_GP_RzDCbin_GP_R,0.561446588932555,0.405541890720846,0.543230679730207,0.467073896085795,0,0.69542477850579,0.81012814899581,3.482845982971
GP_L,gmd_GP_LzReHo_GP_LzfALFF_GP_LzALFF_GP_LzDCwei_GP_LzDCbin_GP_L,0.910942900704505,0.635985756145396,0.578983784032082,0.533143596048866,0,0.915305378568935,0.552214213533685,4.12657562903347
vCa_R,gmd_vCa_RzReHo_vCa_RzfALFF_vCa_RzALFF_vCa_RzDCwei_vCa_RzDCbin_vCa_R,0.105114855358005,0.380437409780944,0.645394641368967,0.584682000303786,0,0.905388884104145,0.599407263828723,3.22042505474457
vCa_L,gmd_vCa_LzReHo_vCa_LzfALFF_vCa_LzALFF_vCa_LzDCwei_vCa_LzDCbin_vCa_L,0.900183120723272,0.230674663072595,0.869597854394232,0.870569847285415,0,0.523764344089085,0.94735106907925,4.34214089864385
cHipp_R,gmd_cHipp_RzReHo_cHipp_RzfALFF_cHipp_RzALFF_cHipp_RzDCwei_cHipp_RzDCbin_cHipp_R,0.974821116524528,0.859603515080838,0.914206351469062,0.925927553392186,0,0.912453672408648,0.992388489346051,5.57940069822131
cHipp_L,gmd_cHipp_LzReHo_cHipp_LzfALFF_cHipp_LzALFF_cHipp_LzDCwei_cHipp_LzDCbin_cHipp_L,0.969045743359178,0.001066302507256,0.4092021927279,0.446006295554552,0,0.021680363642533,0.349777821520726,2.19677871931214
rHipp_R,gmd_rHipp_RzReHo_rHipp_RzfALFF_rHipp_RzALFF_rHipp_RzDCwei_rHipp_RzDCbin_rHipp_R,0.726384797073437,0.015136132177025,0.344070588429158,0.347099174532423,0,0.187089270640355,0.633937790155378,2.25371775300778
rHipp_L,gmd_rHipp_LzReHo_rHipp_LzfALFF_rHipp_LzALFF_rHipp_LzDCwei_rHipp_LzDCbin_rHipp_L,0.852758073076188,0.000158969849225,0.219027206207388,0.166191371988538,0,0.241857052160968,0.808183056161785,2.28817572944409
lAmyg_R,gmd_lAmyg_RzReHo_lAmyg_RzfALFF_lAmyg_RzALFF_lAmyg_RzDCwei_lAmyg_RzDCbin_lAmyg_R,0.981348620054942,0.014424256906563,0.134508923037515,0.128521699926406,0,0.138474776942299,0.570918748099554,1.96819702496728
lAmyg_L,gmd_lAmyg_LzReHo_lAmyg_LzfALFF_lAmyg_LzALFF_lAmyg_LzDCwei_lAmyg_LzDCbin_lAmyg_L,0.943799359310498,0.024951986488281,0.315001195225472,0.270871719851073,0,0.311328608814483,0.988759418591038,2.85471228828084
mAmyg_R,gmd_mAmyg_RzReHo_mAmyg_RzfALFF_mAmyg_RzALFF_mAmyg_RzDCwei_mAmyg_RzDCbin_mAmyg_R,0.827965490994383,0.001689378231621,0.171654657956021,0.13201896394818,0,0.237631185223767,0.435552782149245,1.80651245850322
mAmyg_L,gmd_mAmyg_LzReHo_mAmyg_LzfALFF_mAmyg_LzALFF_mAmyg_LzDCwei_mAmyg_LzDCbin_mAmyg_L,0.366180338856056,0.000189046336226,0.304383216367635,0.331183547575852,0,0.014883590111324,0.777749849704542,1.79456958895163
17Networks_RH_TempPar_2,gmd_17Networks_RH_TempPar_2zDCwei_17Networks_RH_TempPar_2zDCbin_17Networks_RH_TempPar_2zReHo_17Networks_RH_TempPar_2zfALFF_17Networks_RH_TempPar_2zALFF_17Networks_RH_TempPar_2,0.000611933091776,0.212978626825195,0.031727556526561,0.031147637098014,0,0.639305216878139,0.950696581651234,1.86646755207092
17Networks_RH_TempPar_1,gmd_17Networks_RH_TempPar_1zDCwei_17Networks_RH_TempPar_1zDCbin_17Networks_RH_TempPar_1zReHo_17Networks_RH_TempPar_1zfALFF_17Networks_RH_TempPar_1zALFF_17Networks_RH_TempPar_1,0.277039360919803,0.22504677937211,0.763698092102731,0.753956860248853,0,0.48482595007631,0.129744874518397,2.6343119172382
17Networks_RH_DefaultC_PHC_1,gmd_17Networks_RH_DefaultC_PHC_1zDCwei_17Networks_RH_DefaultC_PHC_1zDCbin_17Networks_RH_DefaultC_PHC_1zReHo_17Networks_RH_DefaultC_PHC_1zfALFF_17Networks_RH_DefaultC_PHC_1zALFF_17Networks_RH_DefaultC_PHC_1,0.175956310662928,0.71504117122136,0.038174713985338,0.047906582681114,0,0.180911658125459,0.473370332201405,1.6313607688776
17Networks_RH_DefaultC_Rsp_1,gmd_17Networks_RH_DefaultC_Rsp_1zDCwei_17Networks_RH_DefaultC_Rsp_1zDCbin_17Networks_RH_DefaultC_Rsp_1zReHo_17Networks_RH_DefaultC_Rsp_1zfALFF_17Networks_RH_DefaultC_Rsp_1zALFF_17Networks_RH_DefaultC_Rsp_1,0.490455822555978,0.466536766785008,0.371633555307664,0.295316581950259,0,0.651923763760166,0.889527700029097,3.16539419038817
17Networks_RH_DefaultB_PFCv_2,gmd_17Networks_RH_DefaultB_PFCv_2zDCwei_17Networks_RH_DefaultB_PFCv_2zDCbin_17Networks_RH_DefaultB_PFCv_2zReHo_17Networks_RH_DefaultB_PFCv_2zfALFF_17Networks_RH_DefaultB_PFCv_2zALFF_17Networks_RH_DefaultB_PFCv_2,0.205219425794966,0.118275400636826,0.740352446444096,0.797544604667094,0,0.748646050121606,0.909172437909714,3.5192103655743
17Networks_RH_DefaultB_PFCv_1,gmd_17Networks_RH_DefaultB_PFCv_1zDCwei_17Networks_RH_DefaultB_PFCv_1zDCbin_17Networks_RH_DefaultB_PFCv_1zReHo_17Networks_RH_DefaultB_PFCv_1zfALFF_17Networks_RH_DefaultB_PFCv_1zALFF_17Networks_RH_DefaultB_PFCv_1,0.714670855677102,0.502695070788286,0.910060774072796,0.927723731060261,0,0.643062944765474,0.991545548020854,4.68975892438477
17Networks_RH_DefaultB_PFCd_1,gmd_17Networks_RH_DefaultB_PFCd_1zDCwei_17Networks_RH_DefaultB_PFCd_1zDCbin_17Networks_RH_DefaultB_PFCd_1zReHo_17Networks_RH_DefaultB_PFCd_1zfALFF_17Networks_RH_DefaultB_PFCd_1zALFF_17Networks_RH_DefaultB_PFCd_1,0.050377466393987,0.21562123231309,0.761170794895508,0.686984699206628,0,0.291049716550165,0.250963336245515,2.25616724560489
17Networks_RH_DefaultA_PFCm_1,gmd_17Networks_RH_DefaultA_PFCm_1zDCwei_17Networks_RH_DefaultA_PFCm_1zDCbin_17Networks_RH_DefaultA_PFCm_1zReHo_17Networks_RH_DefaultA_PFCm_1zfALFF_17Networks_RH_DefaultA_PFCm_1zALFF_17Networks_RH_DefaultA_PFCm_1,0.132889283771563,0.127854584388214,0.23106859054309,0.197225459720039,0,0.043846780624106,0.26615764192258,0.999042340969592
17Networks_RH_DefaultA_pCunPCC_1,gmd_17Networks_RH_DefaultA_pCunPCC_1zDCwei_17Networks_RH_DefaultA_pCunPCC_1zDCbin_17Networks_RH_DefaultA_pCunPCC_1zReHo_17Networks_RH_DefaultA_pCunPCC_1zfALFF_17Networks_RH_DefaultA_pCunPCC_1zALFF_17Networks_RH_DefaultA_pCunPCC_1,0.466477563046182,0.196306942628278,0.656256565299488,0.606134293368317,0,0.097509486507107,0.110653839904703,2.13333869075407
17Networks_RH_DefaultA_PFCd_1,gmd_17Networks_RH_DefaultA_PFCd_1zDCwei_17Networks_RH_DefaultA_PFCd_1zDCbin_17Networks_RH_DefaultA_PFCd_1zReHo_17Networks_RH_DefaultA_PFCd_1zfALFF_17Networks_RH_DefaultA_PFCd_1zALFF_17Networks_RH_DefaultA_PFCd_1,0.08466871620726,0.007616267497155,0.4528514686737,0.560461522746763,0,0.541950767777522,0.413261246955464,2.06080998985786
17Networks_RH_DefaultA_IPL_1,gmd_17Networks_RH_DefaultA_IPL_1zDCwei_17Networks_RH_DefaultA_IPL_1zDCbin_17Networks_RH_DefaultA_IPL_1zReHo_17Networks_RH_DefaultA_IPL_1zfALFF_17Networks_RH_DefaultA_IPL_1zALFF_17Networks_RH_DefaultA_IPL_1,0.55674247190616,0.066160585901062,0.101633503942245,0.221114840120466,0,0.541965681485914,0.104992086362166,1.59260916971801
17Networks_RH_ContC_pCun_1,gmd_17Networks_RH_ContC_pCun_1zDCwei_17Networks_RH_ContC_pCun_1zDCbin_17Networks_RH_ContC_pCun_1zReHo_17Networks_RH_ContC_pCun_1zfALFF_17Networks_RH_ContC_pCun_1zALFF_17Networks_RH_ContC_pCun_1,0.723438174674278,0.089210381795006,0.966074245759489,0.820847583086942,0,0.381754717329307,0.813379342604025,3.79470444524905
17Networks_RH_ContC_Cingp_1,gmd_17Networks_RH_ContC_Cingp_1zDCwei_17Networks_RH_ContC_Cingp_1zDCbin_17Networks_RH_ContC_Cingp_1zReHo_17Networks_RH_ContC_Cingp_1zfALFF_17Networks_RH_ContC_Cingp_1zALFF_17Networks_RH_ContC_Cingp_1,0.367407603608796,0.101610492177483,0.909707441497453,0.936847649980238,0,0.098688641927031,0.448149209013515,2.86241103820452
17Networks_RH_ContB_PFClv_1,gmd_17Networks_RH_ContB_PFClv_1zDCwei_17Networks_RH_ContB_PFClv_1zDCbin_17Networks_RH_ContB_PFClv_1zReHo_17Networks_RH_ContB_PFClv_1zfALFF_17Networks_RH_ContB_PFClv_1zALFF_17Networks_RH_ContB_PFClv_1,0.268825620929636,0.106915362248958,0.995521018183722,0.853692265435453,0,0.182260879453006,0.293124382861842,2.70033952911262
17Networks_RH_ContB_PFCld_1,gmd_17Networks_RH_ContB_PFCld_1zDCwei_17Networks_RH_ContB_PFCld_1zDCbin_17Networks_RH_ContB_PFCld_1zReHo_17Networks_RH_ContB_PFCld_1zfALFF_17Networks_RH_ContB_PFCld_1zALFF_17Networks_RH_ContB_PFCld_1,0.373316164248664,0.008647909152184,0.218663134986442,0.120482264233169,0,0.613652436237275,0.790864210208565,2.1256261190663
17Networks_RH_ContB_IPL_1,gmd_17Networks_RH_ContB_IPL_1zDCwei_17Networks_RH_ContB_IPL_1zDCbin_17Networks_RH_ContB_IPL_1zReHo_17Networks_RH_ContB_IPL_1zfALFF_17Networks_RH_ContB_IPL_1zALFF_17Networks_RH_ContB_IPL_1,0.634641464502269,0.167527213295405,0.325888520829251,0.313280389091883,0,0.821389141297463,0.803551082242778,3.06627781125905
17Networks_RH_ContB_Temp_1,gmd_17Networks_RH_ContB_Temp_1zDCwei_17Networks_RH_ContB_Temp_1zDCbin_17Networks_RH_ContB_Temp_1zReHo_17Networks_RH_ContB_Temp_1zfALFF_17Networks_RH_ContB_Temp_1zALFF_17Networks_RH_ContB_Temp_1,0.130939966546323,0.01620741070223,0.352080516420766,0.392802851705389,0,0.702845638301217,0.974884894683758,2.56976127835968
17Networks_RH_ContA_PFCl_2,gmd_17Networks_RH_ContA_PFCl_2zDCwei_17Networks_RH_ContA_PFCl_2zDCbin_17Networks_RH_ContA_PFCl_2zReHo_17Networks_RH_ContA_PFCl_2zfALFF_17Networks_RH_ContA_PFCl_2zALFF_17Networks_RH_ContA_PFCl_2,0.018171669428904,0.001909161161832,0.173297840038007,0.179111281463642,0,0.31171143331991,0.7738255280141,1.4580269134264
17Networks_RH_ContA_PFCl_1,gmd_17Networks_RH_ContA_PFCl_1zDCwei_17Networks_RH_ContA_PFCl_1zDCbin_17Networks_RH_ContA_PFCl_1zReHo_17Networks_RH_ContA_PFCl_1zfALFF_17Networks_RH_ContA_PFCl_1zALFF_17Networks_RH_ContA_PFCl_1,0.482227155624037,0.000452226499544,0.379187669372814,0.452588905058572,0,0.927883020340511,0.332253500624633,2.57459247752011
17Networks_RH_ContA_IPS_1,gmd_17Networks_RH_ContA_IPS_1zDCwei_17Networks_RH_ContA_IPS_1zDCbin_17Networks_RH_ContA_IPS_1zReHo_17Networks_RH_ContA_IPS_1zfALFF_17Networks_RH_ContA_IPS_1zALFF_17Networks_RH_ContA_IPS_1,0.414940049622074,0.003810299131975,0.261306231745324,0.444902581498093,0,0.092593556726955,0.780773240927905,1.99832595965233
17Networks_RH_LimbicA_TempPole_1,gmd_17Networks_RH_LimbicA_TempPole_1zDCwei_17Networks_RH_LimbicA_TempPole_1zDCbin_17Networks_RH_LimbicA_TempPole_1zReHo_17Networks_RH_LimbicA_TempPole_1zfALFF_17Networks_RH_LimbicA_TempPole_1zALFF_17Networks_RH_LimbicA_TempPole_1,0.773128267784741,0.523803119367693,0.523691223488347,0.713133891175988,0,0.978641264764949,0.562481861753936,4.07487962833565
17Networks_RH_LimbicB_OFC_1,gmd_17Networks_RH_LimbicB_OFC_1zDCwei_17Networks_RH_LimbicB_OFC_1zDCbin_17Networks_RH_LimbicB_OFC_1zReHo_17Networks_RH_LimbicB_OFC_1zfALFF_17Networks_RH_LimbicB_OFC_1zALFF_17Networks_RH_LimbicB_OFC_1,0.956402072292846,0.930580278270641,0.753401727132787,0.71972884004533,0,0.574115281103237,0.591368367683796,4.52559656652864
17Networks_RH_SalVentAttnB_PFCmp_1,gmd_17Networks_RH_SalVentAttnB_PFCmp_1zDCwei_17Networks_RH_SalVentAttnB_PFCmp_1zDCbin_17Networks_RH_SalVentAttnB_PFCmp_1zReHo_17Networks_RH_SalVentAttnB_PFCmp_1zfALFF_17Networks_RH_SalVentAttnB_PFCmp_1zALFF_17Networks_RH_SalVentAttnB_PFCmp_1,0.167616643964922,0.000666462943875,0.408467966974796,0.469791272940418,0,0.076989116984876,0.726637572129763,1.85016903593865
17Networks_RH_SalVentAttnB_PFCl_1,gmd_17Networks_RH_SalVentAttnB_PFCl_1zDCwei_17Networks_RH_SalVentAttnB_PFCl_1zDCbin_17Networks_RH_SalVentAttnB_PFCl_1zReHo_17Networks_RH_SalVentAttnB_PFCl_1zfALFF_17Networks_RH_SalVentAttnB_PFCl_1zALFF_17Networks_RH_SalVentAttnB_PFCl_1,0.453930752982175,0.009764309784417,0.134842507347706,0.165276699827088,0,0.151405162109778,0.288143468155385,1.20336290020655
17Networks_RH_SalVentAttnB_IPL_1,gmd_17Networks_RH_SalVentAttnB_IPL_1zDCwei_17Networks_RH_SalVentAttnB_IPL_1zDCbin_17Networks_RH_SalVentAttnB_IPL_1zReHo_17Networks_RH_SalVentAttnB_IPL_1zfALFF_17Networks_RH_SalVentAttnB_IPL_1zALFF_17Networks_RH_SalVentAttnB_IPL_1,0.544888179975721,0.050252198009866,0.051519740134497,0.070560706201141,0,0.872590221840535,0.190856091653961,1.78066713781572
17Networks_RH_SalVentAttnA_FrMed_1,gmd_17Networks_RH_SalVentAttnA_FrMed_1zDCwei_17Networks_RH_SalVentAttnA_FrMed_1zDCbin_17Networks_RH_SalVentAttnA_FrMed_1zReHo_17Networks_RH_SalVentAttnA_FrMed_1zfALFF_17Networks_RH_SalVentAttnA_FrMed_1zALFF_17Networks_RH_SalVentAttnA_FrMed_1,0.577413939180347,0.005130341206587,0.103395075274167,0.070893276755477,0,0.1099011009279,0.359993657001786,1.22672739034626
17Networks_RH_SalVentAttnA_ParMed_1,gmd_17Networks_RH_SalVentAttnA_ParMed_1zDCwei_17Networks_RH_SalVentAttnA_ParMed_1zDCbin_17Networks_RH_SalVentAttnA_ParMed_1zReHo_17Networks_RH_SalVentAttnA_ParMed_1zfALFF_17Networks_RH_SalVentAttnA_ParMed_1zALFF_17Networks_RH_SalVentAttnA_ParMed_1,0.506305476970732,0.058946974916318,0.016514723561053,0.025435023364016,0,0.137113112044681,0.975900490075671,1.72021580093247
17Networks_RH_SalVentAttnA_Ins_1,gmd_17Networks_RH_SalVentAttnA_Ins_1zDCwei_17Networks_RH_SalVentAttnA_Ins_1zDCbin_17Networks_RH_SalVentAttnA_Ins_1zReHo_17Networks_RH_SalVentAttnA_Ins_1zfALFF_17Networks_RH_SalVentAttnA_Ins_1zALFF_17Networks_RH_SalVentAttnA_Ins_1,0.256847357686208,0.962796046068404,0.720439896245738,0.808346705206303,0,0.505989454584885,0.752472862146644,4.00689232193818
17Networks_RH_SalVentAttnA_ParOper_1,gmd_17Networks_RH_SalVentAttnA_ParOper_1zDCwei_17Networks_RH_SalVentAttnA_ParOper_1zDCbin_17Networks_RH_SalVentAttnA_ParOper_1zReHo_17Networks_RH_SalVentAttnA_ParOper_1zfALFF_17Networks_RH_SalVentAttnA_ParOper_1zALFF_17Networks_RH_SalVentAttnA_ParOper_1,0.135767335295064,0.071902667926467,0.123088913566575,0.153945250668694,0,0.738313012569414,0.957207911687315,2.18022509171353
17Networks_RH_DorsAttnB_FEF_1,gmd_17Networks_RH_DorsAttnB_FEF_1zDCwei_17Networks_RH_DorsAttnB_FEF_1zDCbin_17Networks_RH_DorsAttnB_FEF_1zReHo_17Networks_RH_DorsAttnB_FEF_1zfALFF_17Networks_RH_DorsAttnB_FEF_1zALFF_17Networks_RH_DorsAttnB_FEF_1,0.88482632470191,0.002317560313245,0.238220890610154,0.283073913572155,0,0.398820420316666,0.72727606568629,2.53453517520042
17Networks_RH_DorsAttnB_PostC_2,gmd_17Networks_RH_DorsAttnB_PostC_2zDCwei_17Networks_RH_DorsAttnB_PostC_2zDCbin_17Networks_RH_DorsAttnB_PostC_2zReHo_17Networks_RH_DorsAttnB_PostC_2zfALFF_17Networks_RH_DorsAttnB_PostC_2zALFF_17Networks_RH_DorsAttnB_PostC_2,0.555279175783553,0.196331385088094,0.309177885915828,0.334963490793126,0,0.363934166522617,0.469910930067942,2.22959703417116
17Networks_RH_DorsAttnB_PostC_1,gmd_17Networks_RH_DorsAttnB_PostC_1zDCwei_17Networks_RH_DorsAttnB_PostC_1zDCbin_17Networks_RH_DorsAttnB_PostC_1zReHo_17Networks_RH_DorsAttnB_PostC_1zfALFF_17Networks_RH_DorsAttnB_PostC_1zALFF_17Networks_RH_DorsAttnB_PostC_1,0.254682871141897,7.39096726868524E-05,0.316889693581379,0.469674660849669,0,0.025508973683336,0.507229722263395,1.57405983119236
17Networks_RH_DorsAttnA_SPL_1,gmd_17Networks_RH_DorsAttnA_SPL_1zDCwei_17Networks_RH_DorsAttnA_SPL_1zDCbin_17Networks_RH_DorsAttnA_SPL_1zReHo_17Networks_RH_DorsAttnA_SPL_1zfALFF_17Networks_RH_DorsAttnA_SPL_1zALFF_17Networks_RH_DorsAttnA_SPL_1,0.579451684549394,0.076684244557701,0.575503955578605,0.635572582058983,0,0.449131864879309,0.875551637727019,3.19189596935101
17Networks_RH_DorsAttnA_ParOcc_1,gmd_17Networks_RH_DorsAttnA_ParOcc_1zDCwei_17Networks_RH_DorsAttnA_ParOcc_1zDCbin_17Networks_RH_DorsAttnA_ParOcc_1zReHo_17Networks_RH_DorsAttnA_ParOcc_1zfALFF_17Networks_RH_DorsAttnA_ParOcc_1zALFF_17Networks_RH_DorsAttnA_ParOcc_1,0.015035734211396,0.059115071499628,0.139998995302252,0.292071497082366,0,0.396703808785652,0.786732075344885,1.68965718222618
17Networks_RH_DorsAttnA_TempOcc_1,gmd_17Networks_RH_DorsAttnA_TempOcc_1zDCwei_17Networks_RH_DorsAttnA_TempOcc_1zDCbin_17Networks_RH_DorsAttnA_TempOcc_1zReHo_17Networks_RH_DorsAttnA_TempOcc_1zfALFF_17Networks_RH_DorsAttnA_TempOcc_1zALFF_17Networks_RH_DorsAttnA_TempOcc_1,0.111304655363556,0.066651991634069,0.460974982386575,0.603218033043057,0,0.32089093232833,0.92759176432167,2.49063235907726
17Networks_RH_SomMotB_Cent_1,gmd_17Networks_RH_SomMotB_Cent_1zDCwei_17Networks_RH_SomMotB_Cent_1zDCbin_17Networks_RH_SomMotB_Cent_1zReHo_17Networks_RH_SomMotB_Cent_1zfALFF_17Networks_RH_SomMotB_Cent_1zALFF_17Networks_RH_SomMotB_Cent_1,0.008503896378856,0.002280560433048,0.311338353351302,0.328876211578581,0,0.29984716416312,0.909332903479602,1.86017908938451
17Networks_RH_SomMotB_S2_2,gmd_17Networks_RH_SomMotB_S2_2zDCwei_17Networks_RH_SomMotB_S2_2zDCbin_17Networks_RH_SomMotB_S2_2zReHo_17Networks_RH_SomMotB_S2_2zfALFF_17Networks_RH_SomMotB_S2_2zALFF_17Networks_RH_SomMotB_S2_2,0.179144106074801,0.017028979167875,0.08232662542387,0.097137930992198,0,0.459303057937404,0.623913658082487,1.45885435767864
17Networks_RH_SomMotB_S2_1,gmd_17Networks_RH_SomMotB_S2_1zDCwei_17Networks_RH_SomMotB_S2_1zDCbin_17Networks_RH_SomMotB_S2_1zReHo_17Networks_RH_SomMotB_S2_1zfALFF_17Networks_RH_SomMotB_S2_1zALFF_17Networks_RH_SomMotB_S2_1,0.009011163982958,0.032281649368028,0.01013851666254,0.01804757610744,0,0.063404882929486,0.956748812235241,1.08963260128569
17Networks_RH_SomMotB_Aud_1,gmd_17Networks_RH_SomMotB_Aud_1zDCwei_17Networks_RH_SomMotB_Aud_1zDCbin_17Networks_RH_SomMotB_Aud_1zReHo_17Networks_RH_SomMotB_Aud_1zfALFF_17Networks_RH_SomMotB_Aud_1zALFF_17Networks_RH_SomMotB_Aud_1,0.061933774821736,0.837199258071918,0.112423100197569,0.098831407559096,0,0.620027868572938,0.816689788672807,2.54710519789606
17Networks_RH_SomMotA_4,gmd_17Networks_RH_SomMotA_4zDCwei_17Networks_RH_SomMotA_4zDCbin_17Networks_RH_SomMotA_4zReHo_17Networks_RH_SomMotA_4zfALFF_17Networks_RH_SomMotA_4zALFF_17Networks_RH_SomMotA_4,0.860685892740088,0.628501645725956,0.18416013737541,0.193609356202715,0,0.543152505252892,0.133757276953639,2.5438668142507
17Networks_RH_SomMotA_3,gmd_17Networks_RH_SomMotA_3zDCwei_17Networks_RH_SomMotA_3zDCbin_17Networks_RH_SomMotA_3zReHo_17Networks_RH_SomMotA_3zfALFF_17Networks_RH_SomMotA_3zALFF_17Networks_RH_SomMotA_3,0.136129040629028,0.202071251143068,0.112855593878613,0.176230294220921,0,0.29033826214417,0.772694223385264,1.69031866540106
17Networks_RH_SomMotA_2,gmd_17Networks_RH_SomMotA_2zDCwei_17Networks_RH_SomMotA_2zDCbin_17Networks_RH_SomMotA_2zReHo_17Networks_RH_SomMotA_2zfALFF_17Networks_RH_SomMotA_2zALFF_17Networks_RH_SomMotA_2,0.408922116698101,0.017209558136996,0.078669492537129,0.054034732889575,0,0.700801436679257,0.153863863429635,1.41350120037069
17Networks_RH_SomMotA_1,gmd_17Networks_RH_SomMotA_1zDCwei_17Networks_RH_SomMotA_1zDCbin_17Networks_RH_SomMotA_1zReHo_17Networks_RH_SomMotA_1zfALFF_17Networks_RH_SomMotA_1zALFF_17Networks_RH_SomMotA_1,0.078304359671444,0.000296377566207,0.385858585659165,0.468557127611225,0,0.717588947997321,0.76029591364061,2.41090131214597
17Networks_RH_VisPeri_ExStrSup_1,gmd_17Networks_RH_VisPeri_ExStrSup_1zDCwei_17Networks_RH_VisPeri_ExStrSup_1zDCbin_17Networks_RH_VisPeri_ExStrSup_1zReHo_17Networks_RH_VisPeri_ExStrSup_1zfALFF_17Networks_RH_VisPeri_ExStrSup_1zALFF_17Networks_RH_VisPeri_ExStrSup_1,0.659795401211729,0.288985114221987,0.896286015405034,0.886855291768828,0,0.061483248250871,0.216521711720057,3.00992678257851
17Networks_RH_VisPeri_ExStrInf_1,gmd_17Networks_RH_VisPeri_ExStrInf_1zDCwei_17Networks_RH_VisPeri_ExStrInf_1zDCbin_17Networks_RH_VisPeri_ExStrInf_1zReHo_17Networks_RH_VisPeri_ExStrInf_1zfALFF_17Networks_RH_VisPeri_ExStrInf_1zALFF_17Networks_RH_VisPeri_ExStrInf_1,0.502231163562796,0.811741541984825,0.862935813637896,0.812598919684467,0,0.942223935037203,0.415038941500122,4.34677031540731
17Networks_RH_VisPeri_StriCal_1,gmd_17Networks_RH_VisPeri_StriCal_1zDCwei_17Networks_RH_VisPeri_StriCal_1zDCbin_17Networks_RH_VisPeri_StriCal_1zReHo_17Networks_RH_VisPeri_StriCal_1zfALFF_17Networks_RH_VisPeri_StriCal_1zALFF_17Networks_RH_VisPeri_StriCal_1,0.273691442847129,0.584450191972064,0.591561677128587,0.547838369185982,0,0.37974652075885,0.8835909480749,3.26087914996751
17Networks_RH_VisCent_ExStr_3,gmd_17Networks_RH_VisCent_ExStr_3zDCwei_17Networks_RH_VisCent_ExStr_3zDCbin_17Networks_RH_VisCent_ExStr_3zReHo_17Networks_RH_VisCent_ExStr_3zfALFF_17Networks_RH_VisCent_ExStr_3zALFF_17Networks_RH_VisCent_ExStr_3,0.075365882974449,0.080692607203161,0.414533773091724,0.470713955017973,0,0.105865521933694,0.075979275295529,1.22315101551653
17Networks_RH_VisCent_ExStr_2,gmd_17Networks_RH_VisCent_ExStr_2zDCwei_17Networks_RH_VisCent_ExStr_2zDCbin_17Networks_RH_VisCent_ExStr_2zReHo_17Networks_RH_VisCent_ExStr_2zfALFF_17Networks_RH_VisCent_ExStr_2zALFF_17Networks_RH_VisCent_ExStr_2,0.369300805733788,0.714858417094455,0.493867435416505,0.335782157197199,0,0.524055742732271,0.155549566436434,2.59341412461065
17Networks_RH_VisCent_ExStr_1,gmd_17Networks_RH_VisCent_ExStr_1zDCwei_17Networks_RH_VisCent_ExStr_1zDCbin_17Networks_RH_VisCent_ExStr_1zReHo_17Networks_RH_VisCent_ExStr_1zfALFF_17Networks_RH_VisCent_ExStr_1zALFF_17Networks_RH_VisCent_ExStr_1,0.234842384988813,0.197347983848176,0.777029037854338,0.727291301553002,0,0.063381369237262,0.784577990885546,2.78447006836714
17Networks_LH_TempPar_1,gmd_17Networks_LH_TempPar_1zDCwei_17Networks_LH_TempPar_1zDCbin_17Networks_LH_TempPar_1zReHo_17Networks_LH_TempPar_1zfALFF_17Networks_LH_TempPar_1zALFF_17Networks_LH_TempPar_1,0.237706018357994,0.581459101651644,0.102861745160986,0.099324108784152,0,0.948557298438431,0.976502569504162,2.94641084189737
17Networks_LH_DefaultC_PHC_1,gmd_17Networks_LH_DefaultC_PHC_1zDCwei_17Networks_LH_DefaultC_PHC_1zDCbin_17Networks_LH_DefaultC_PHC_1zReHo_17Networks_LH_DefaultC_PHC_1zfALFF_17Networks_LH_DefaultC_PHC_1zALFF_17Networks_LH_DefaultC_PHC_1,0.108919227666158,0.070895716688334,0.351482708971067,0.382262560903112,0,0.364742535811086,0.832947293029791,2.11125004306955
17Networks_LH_DefaultC_Rsp_1,gmd_17Networks_LH_DefaultC_Rsp_1zDCwei_17Networks_LH_DefaultC_Rsp_1zDCbin_17Networks_LH_DefaultC_Rsp_1zReHo_17Networks_LH_DefaultC_Rsp_1zfALFF_17Networks_LH_DefaultC_Rsp_1zALFF_17Networks_LH_DefaultC_Rsp_1,0.036226732924916,0.058681479068448,0.33277876976906,0.282434923817632,0,0.386488873277642,0.923590123843205,2.0202009027009
17Networks_LH_DefaultB_PFCv_2,gmd_17Networks_LH_DefaultB_PFCv_2zDCwei_17Networks_LH_DefaultB_PFCv_2zDCbin_17Networks_LH_DefaultB_PFCv_2zReHo_17Networks_LH_DefaultB_PFCv_2zfALFF_17Networks_LH_DefaultB_PFCv_2zALFF_17Networks_LH_DefaultB_PFCv_2,0.569464579817805,0.747841315944572,0.674385417743115,0.852041526904055,0,0.682047010847004,0.550584016756193,4.07636386801274
17Networks_LH_DefaultB_PFCv_1,gmd_17Networks_LH_DefaultB_PFCv_1zDCwei_17Networks_LH_DefaultB_PFCv_1zDCbin_17Networks_LH_DefaultB_PFCv_1zReHo_17Networks_LH_DefaultB_PFCv_1zfALFF_17Networks_LH_DefaultB_PFCv_1zALFF_17Networks_LH_DefaultB_PFCv_1,0.591272225758893,0.173872913033165,0.475151482425212,0.579252197659767,0,0.831992441652659,0.582192413182011,3.23373367371171
17Networks_LH_DefaultB_PFCl_1,gmd_17Networks_LH_DefaultB_PFCl_1zDCwei_17Networks_LH_DefaultB_PFCl_1zDCbin_17Networks_LH_DefaultB_PFCl_1zReHo_17Networks_LH_DefaultB_PFCl_1zfALFF_17Networks_LH_DefaultB_PFCl_1zALFF_17Networks_LH_DefaultB_PFCl_1,0.399721719447243,0.388889049486853,0.330479396301368,0.2398635796222,0,0.895912300919035,0.238930502682926,2.49379654845962
17Networks_LH_DefaultB_PFCd_1,gmd_17Networks_LH_DefaultB_PFCd_1zDCwei_17Networks_LH_DefaultB_PFCd_1zDCbin_17Networks_LH_DefaultB_PFCd_1zReHo_17Networks_LH_DefaultB_PFCd_1zfALFF_17Networks_LH_DefaultB_PFCd_1zALFF_17Networks_LH_DefaultB_PFCd_1,0.315473064760957,0.095470466827246,0.679788301945553,0.640296160590125,0,0.826638158302078,0.689383627669829,3.24704978009579
17Networks_LH_DefaultB_IPL_1,gmd_17Networks_LH_DefaultB_IPL_1zDCwei_17Networks_LH_DefaultB_IPL_1zDCbin_17Networks_LH_DefaultB_IPL_1zReHo_17Networks_LH_DefaultB_IPL_1zfALFF_17Networks_LH_DefaultB_IPL_1zALFF_17Networks_LH_DefaultB_IPL_1,0.576295441370523,0.444761047812794,0.563515292510928,0.50707144606658,0,0.5188734787105,0.437458539541693,3.04797524601302
17Networks_LH_DefaultB_Temp_2,gmd_17Networks_LH_DefaultB_Temp_2zDCwei_17Networks_LH_DefaultB_Temp_2zDCbin_17Networks_LH_DefaultB_Temp_2zReHo_17Networks_LH_DefaultB_Temp_2zfALFF_17Networks_LH_DefaultB_Temp_2zALFF_17Networks_LH_DefaultB_Temp_2,0.170769379761049,0.755962221075342,0.119285967387893,0.092785591945533,0,0.613373642942244,0.428473714946674,2.18065051805873
17Networks_LH_DefaultB_Temp_1,gmd_17Networks_LH_DefaultB_Temp_1zDCwei_17Networks_LH_DefaultB_Temp_1zDCbin_17Networks_LH_DefaultB_Temp_1zReHo_17Networks_LH_DefaultB_Temp_1zfALFF_17Networks_LH_DefaultB_Temp_1zALFF_17Networks_LH_DefaultB_Temp_1,0.13602666133734,0.06891687716402,0.509545211689821,0.476118112599001,0,0.90199363946059,0.823201448080596,2.91580195033137
17Networks_LH_DefaultA_PFCm_1,gmd_17Networks_LH_DefaultA_PFCm_1zDCwei_17Networks_LH_DefaultA_PFCm_1zDCbin_17Networks_LH_DefaultA_PFCm_1zReHo_17Networks_LH_DefaultA_PFCm_1zfALFF_17Networks_LH_DefaultA_PFCm_1zALFF_17Networks_LH_DefaultA_PFCm_1,0.696346951030729,0.16679136337604,0.949553754169012,0.845052899742679,0,0.969369025719531,0.291865757634001,3.91897975167199
17Networks_LH_DefaultA_pCunPCC_1,gmd_17Networks_LH_DefaultA_pCunPCC_1zDCwei_17Networks_LH_DefaultA_pCunPCC_1zDCbin_17Networks_LH_DefaultA_pCunPCC_1zReHo_17Networks_LH_DefaultA_pCunPCC_1zfALFF_17Networks_LH_DefaultA_pCunPCC_1zALFF_17Networks_LH_DefaultA_pCunPCC_1,0.490123404074084,0.05246370439625,0.915634724777578,0.992298215875839,0,0.141907122536273,0.966752496623868,3.55917966828389
17Networks_LH_DefaultA_PFCd_1,gmd_17Networks_LH_DefaultA_PFCd_1zDCwei_17Networks_LH_DefaultA_PFCd_1zDCbin_17Networks_LH_DefaultA_PFCd_1zReHo_17Networks_LH_DefaultA_PFCd_1zfALFF_17Networks_LH_DefaultA_PFCd_1zALFF_17Networks_LH_DefaultA_PFCd_1,0.499620968043525,0.153097194542224,0.491088332656594,0.389106443039723,0,0.907726077203884,0.328516564797555,2.76915558028351
17Networks_LH_ContC_Cingp_1,gmd_17Networks_LH_ContC_Cingp_1zDCwei_17Networks_LH_ContC_Cingp_1zDCbin_17Networks_LH_ContC_Cingp_1zReHo_17Networks_LH_ContC_Cingp_1zfALFF_17Networks_LH_ContC_Cingp_1zALFF_17Networks_LH_ContC_Cingp_1,0.729584083409096,0.690707098002801,0.358121838050989,0.587497761197774,0,0.546744495665728,0.844210124676536,3.75686540100292
17Networks_LH_ContC_pCun_2,gmd_17Networks_LH_ContC_pCun_2zDCwei_17Networks_LH_ContC_pCun_2zDCbin_17Networks_LH_ContC_pCun_2zReHo_17Networks_LH_ContC_pCun_2zfALFF_17Networks_LH_ContC_pCun_2zALFF_17Networks_LH_ContC_pCun_2,0.099383427042295,0.011341703759002,0.658597568334334,0.508244477824467,0,0.234344949662696,0.729584152297787,2.24149627892058
17Networks_LH_ContC_pCun_1,gmd_17Networks_LH_ContC_pCun_1zDCwei_17Networks_LH_ContC_pCun_1zDCbin_17Networks_LH_ContC_pCun_1zReHo_17Networks_LH_ContC_pCun_1zfALFF_17Networks_LH_ContC_pCun_1zALFF_17Networks_LH_ContC_pCun_1,0.147742002836876,0.020561786440547,0.950284273847767,0.887888213316397,0,0.040030046516609,0.876804785158691,2.92331110811689
17Networks_LH_ContB_PFClv_1,gmd_17Networks_LH_ContB_PFClv_1zDCwei_17Networks_LH_ContB_PFClv_1zDCbin_17Networks_LH_ContB_PFClv_1zReHo_17Networks_LH_ContB_PFClv_1zfALFF_17Networks_LH_ContB_PFClv_1zALFF_17Networks_LH_ContB_PFClv_1,0.434338955168107,0.100447602305033,0.852568057979422,0.605016712339373,0,0.842736713570197,0.411341388220533,3.24644942958267
17Networks_LH_ContA_PFCl_2,gmd_17Networks_LH_ContA_PFCl_2zDCwei_17Networks_LH_ContA_PFCl_2zDCbin_17Networks_LH_ContA_PFCl_2zReHo_17Networks_LH_ContA_PFCl_2zfALFF_17Networks_LH_ContA_PFCl_2zALFF_17Networks_LH_ContA_PFCl_2,0.382964079136948,0.060213538195113,0.85443318257074,0.889969201557812,0,0.546121502892248,0.769469722326958,3.50317122667982
17Networks_LH_ContA_PFCl_1,gmd_17Networks_LH_ContA_PFCl_1zDCwei_17Networks_LH_ContA_PFCl_1zDCbin_17Networks_LH_ContA_PFCl_1zReHo_17Networks_LH_ContA_PFCl_1zfALFF_17Networks_LH_ContA_PFCl_1zALFF_17Networks_LH_ContA_PFCl_1,0.192958451903834,0.020910408918975,0.14469421629682,0.262010188495937,0,0.33850593296569,0.580954977940674,1.54003417652193
17Networks_LH_ContA_IPS_1,gmd_17Networks_LH_ContA_IPS_1zDCwei_17Networks_LH_ContA_IPS_1zDCbin_17Networks_LH_ContA_IPS_1zReHo_17Networks_LH_ContA_IPS_1zfALFF_17Networks_LH_ContA_IPS_1zALFF_17Networks_LH_ContA_IPS_1,0.085593072890429,0.139463925977953,0.570713396371754,0.681646659889064,0,0.680340636784161,0.672743229148077,2.83050092106144
17Networks_LH_LimbicA_TempPole_2,gmd_17Networks_LH_LimbicA_TempPole_2zDCwei_17Networks_LH_LimbicA_TempPole_2zDCbin_17Networks_LH_LimbicA_TempPole_2zReHo_17Networks_LH_LimbicA_TempPole_2zfALFF_17Networks_LH_LimbicA_TempPole_2zALFF_17Networks_LH_LimbicA_TempPole_2,0.957434648804707,0.46538077298593,0.146402960591743,0.098267073571332,0,0.093663661197406,0.173772502158673,1.93492161930979
17Networks_LH_LimbicA_TempPole_1,gmd_17Networks_LH_LimbicA_TempPole_1zDCwei_17Networks_LH_LimbicA_TempPole_1zDCbin_17Networks_LH_LimbicA_TempPole_1zReHo_17Networks_LH_LimbicA_TempPole_1zfALFF_17Networks_LH_LimbicA_TempPole_1zALFF_17Networks_LH_LimbicA_TempPole_1,0.141143919768835,0.003549865133343,0.945189524159319,0.819130077861889,0,0.824412342545573,0.394915849131234,3.12834157860019
17Networks_LH_LimbicB_OFC_1,gmd_17Networks_LH_LimbicB_OFC_1zDCwei_17Networks_LH_LimbicB_OFC_1zDCbin_17Networks_LH_LimbicB_OFC_1zReHo_17Networks_LH_LimbicB_OFC_1zfALFF_17Networks_LH_LimbicB_OFC_1zALFF_17Networks_LH_LimbicB_OFC_1,0.873342871981309,0.563288290019492,0.955616196041827,0.913521647729111,0,0.528564928067386,0.270318808906307,4.10465274274543
17Networks_LH_SalVentAttnB_PFCmp_1,gmd_17Networks_LH_SalVentAttnB_PFCmp_1zDCwei_17Networks_LH_SalVentAttnB_PFCmp_1zDCbin_17Networks_LH_SalVentAttnB_PFCmp_1zReHo_17Networks_LH_SalVentAttnB_PFCmp_1zfALFF_17Networks_LH_SalVentAttnB_PFCmp_1zALFF_17Networks_LH_SalVentAttnB_PFCmp_1,0.325399764122059,0.011226777378121,0.099354955663084,0.115418737627564,0,0.12337886035279,0.949238041990372,1.62401713713399
17Networks_LH_SalVentAttnB_PFCl_1,gmd_17Networks_LH_SalVentAttnB_PFCl_1zDCwei_17Networks_LH_SalVentAttnB_PFCl_1zDCbin_17Networks_LH_SalVentAttnB_PFCl_1zReHo_17Networks_LH_SalVentAttnB_PFCl_1zfALFF_17Networks_LH_SalVentAttnB_PFCl_1zALFF_17Networks_LH_SalVentAttnB_PFCl_1,0.53529859685975,0.006577736800337,0.490679891225462,0.586510622524742,0,0.509992208469522,0.751623449349809,2.88068250522962
17Networks_LH_SalVentAttnA_FrMed_1,gmd_17Networks_LH_SalVentAttnA_FrMed_1zDCwei_17Networks_LH_SalVentAttnA_FrMed_1zDCbin_17Networks_LH_SalVentAttnA_FrMed_1zReHo_17Networks_LH_SalVentAttnA_FrMed_1zfALFF_17Networks_LH_SalVentAttnA_FrMed_1zALFF_17Networks_LH_SalVentAttnA_FrMed_1,0.899612569780843,0.111507382453163,0.225053750715433,0.195224974636596,0,0.407316240761752,0.356737494920956,2.19545241326874
17Networks_LH_SalVentAttnA_ParMed_1,gmd_17Networks_LH_SalVentAttnA_ParMed_1zDCwei_17Networks_LH_SalVentAttnA_ParMed_1zDCbin_17Networks_LH_SalVentAttnA_ParMed_1zReHo_17Networks_LH_SalVentAttnA_ParMed_1zfALFF_17Networks_LH_SalVentAttnA_ParMed_1zALFF_17Networks_LH_SalVentAttnA_ParMed_1,0.54791373434365,0.405594611516934,0.007233872973166,0.008912353083359,0,0.968301127453404,0.307144421682682,2.24510012105319
17Networks_LH_SalVentAttnA_Ins_2,gmd_17Networks_LH_SalVentAttnA_Ins_2zDCwei_17Networks_LH_SalVentAttnA_Ins_2zDCbin_17Networks_LH_SalVentAttnA_Ins_2zReHo_17Networks_LH_SalVentAttnA_Ins_2zfALFF_17Networks_LH_SalVentAttnA_Ins_2zALFF_17Networks_LH_SalVentAttnA_Ins_2,0.601994778328364,0.761958308039585,0.90787081565372,0.851069701861134,0,0.324183824813475,0.370201851770436,3.81727928046671
17Networks_LH_SalVentAttnA_Ins_1,gmd_17Networks_LH_SalVentAttnA_Ins_1zDCwei_17Networks_LH_SalVentAttnA_Ins_1zDCbin_17Networks_LH_SalVentAttnA_Ins_1zReHo_17Networks_LH_SalVentAttnA_Ins_1zfALFF_17Networks_LH_SalVentAttnA_Ins_1zALFF_17Networks_LH_SalVentAttnA_Ins_1,0.51888126317138,1.01951554192308E-05,0.113113577989399,0.110434540832829,0,0.047420090412093,0.362460825412206,1.15232049297333
17Networks_LH_SalVentAttnA_ParOper_1,gmd_17Networks_LH_SalVentAttnA_ParOper_1zDCwei_17Networks_LH_SalVentAttnA_ParOper_1zDCbin_17Networks_LH_SalVentAttnA_ParOper_1zReHo_17Networks_LH_SalVentAttnA_ParOper_1zfALFF_17Networks_LH_SalVentAttnA_ParOper_1zALFF_17Networks_LH_SalVentAttnA_ParOper_1,0.925727024172433,0.136198296994121,0.21909874223044,0.186197605931845,0,0.897512197973899,0.243392347754441,2.60812621505718
17Networks_LH_DorsAttnB_FEF_1,gmd_17Networks_LH_DorsAttnB_FEF_1zDCwei_17Networks_LH_DorsAttnB_FEF_1zDCbin_17Networks_LH_DorsAttnB_FEF_1zReHo_17Networks_LH_DorsAttnB_FEF_1zfALFF_17Networks_LH_DorsAttnB_FEF_1zALFF_17Networks_LH_DorsAttnB_FEF_1,0.110529132454119,0.331732753292138,0.423905341635135,0.488347093459249,0,0.576258533681922,0.637582063075319,2.56835491759788
17Networks_LH_DorsAttnB_PostC_3,gmd_17Networks_LH_DorsAttnB_PostC_3zDCwei_17Networks_LH_DorsAttnB_PostC_3zDCbin_17Networks_LH_DorsAttnB_PostC_3zReHo_17Networks_LH_DorsAttnB_PostC_3zfALFF_17Networks_LH_DorsAttnB_PostC_3zALFF_17Networks_LH_DorsAttnB_PostC_3,0.336878751817233,0.321080726039149,0.708320233145406,0.812780541716542,0,0.356467184950617,0.157215546700577,2.69274298436952
17Networks_LH_DorsAttnB_PostC_2,gmd_17Networks_LH_DorsAttnB_PostC_2zDCwei_17Networks_LH_DorsAttnB_PostC_2zDCbin_17Networks_LH_DorsAttnB_PostC_2zReHo_17Networks_LH_DorsAttnB_PostC_2zfALFF_17Networks_LH_DorsAttnB_PostC_2zALFF_17Networks_LH_DorsAttnB_PostC_2,0.202093910987843,0.150601182272727,0.368396945407564,0.589692081455028,0,0.062794624348536,0.559507958977304,1.933086703449
17Networks_LH_DorsAttnB_PostC_1,gmd_17Networks_LH_DorsAttnB_PostC_1zDCwei_17Networks_LH_DorsAttnB_PostC_1zDCbin_17Networks_LH_DorsAttnB_PostC_1zReHo_17Networks_LH_DorsAttnB_PostC_1zfALFF_17Networks_LH_DorsAttnB_PostC_1zALFF_17Networks_LH_DorsAttnB_PostC_1,0.726491216914743,0.037363545451326,0.053644586767191,0.052864062704467,0,0.369843352188634,0.894619474071044,2.13482623809741
17Networks_LH_DorsAttnA_SPL_1,gmd_17Networks_LH_DorsAttnA_SPL_1zDCwei_17Networks_LH_DorsAttnA_SPL_1zDCbin_17Networks_LH_DorsAttnA_SPL_1zReHo_17Networks_LH_DorsAttnA_SPL_1zfALFF_17Networks_LH_DorsAttnA_SPL_1zALFF_17Networks_LH_DorsAttnA_SPL_1,0.900881180871821,0.096195163606457,0.85942062802402,0.900907017005885,0,0.12467290003841,0.476066766160264,3.35814365570686
17Networks_LH_DorsAttnA_ParOcc_1,gmd_17Networks_LH_DorsAttnA_ParOcc_1zDCwei_17Networks_LH_DorsAttnA_ParOcc_1zDCbin_17Networks_LH_DorsAttnA_ParOcc_1zReHo_17Networks_LH_DorsAttnA_ParOcc_1zfALFF_17Networks_LH_DorsAttnA_ParOcc_1zALFF_17Networks_LH_DorsAttnA_ParOcc_1,0.474951643943887,0.896778043495984,0.156967297970341,0.156909237586392,0,0.914946254577562,0.893531543730634,3.4940840213048
17Networks_LH_DorsAttnA_TempOcc_1,gmd_17Networks_LH_DorsAttnA_TempOcc_1zDCwei_17Networks_LH_DorsAttnA_TempOcc_1zDCbin_17Networks_LH_DorsAttnA_TempOcc_1zReHo_17Networks_LH_DorsAttnA_TempOcc_1zfALFF_17Networks_LH_DorsAttnA_TempOcc_1zALFF_17Networks_LH_DorsAttnA_TempOcc_1,0.365989408634042,0.572153721158162,0.14615681045693,0.130939604601941,0,0.487860250654661,0.420469033022998,2.12356882852873
17Networks_LH_SomMotB_Cent_1,gmd_17Networks_LH_SomMotB_Cent_1zDCwei_17Networks_LH_SomMotB_Cent_1zDCbin_17Networks_LH_SomMotB_Cent_1zReHo_17Networks_LH_SomMotB_Cent_1zfALFF_17Networks_LH_SomMotB_Cent_1zALFF_17Networks_LH_SomMotB_Cent_1,0.504415551535493,0.025768578717552,0.506424483050348,0.512698287245296,0,0.695329035748399,0.673147698523139,2.91778363482023
17Networks_LH_SomMotB_S2_2,gmd_17Networks_LH_SomMotB_S2_2zDCwei_17Networks_LH_SomMotB_S2_2zDCbin_17Networks_LH_SomMotB_S2_2zReHo_17Networks_LH_SomMotB_S2_2zfALFF_17Networks_LH_SomMotB_S2_2zALFF_17Networks_LH_SomMotB_S2_2,0.890318986294629,0.034365086253146,0.161272390670677,0.195664658497467,0,0.63847382440689,0.847957323232379,2.76805226935519
17Networks_LH_SomMotB_S2_1,gmd_17Networks_LH_SomMotB_S2_1zDCwei_17Networks_LH_SomMotB_S2_1zDCbin_17Networks_LH_SomMotB_S2_1zReHo_17Networks_LH_SomMotB_S2_1zfALFF_17Networks_LH_SomMotB_S2_1zALFF_17Networks_LH_SomMotB_S2_1,0.451318801738479,0.045066024019623,0.245709486642595,0.22157329812578,0,0.132640983531777,0.230998388277709,1.32730698233596
17Networks_LH_SomMotB_Aud_1,gmd_17Networks_LH_SomMotB_Aud_1zDCwei_17Networks_LH_SomMotB_Aud_1zDCbin_17Networks_LH_SomMotB_Aud_1zReHo_17Networks_LH_SomMotB_Aud_1zfALFF_17Networks_LH_SomMotB_Aud_1zALFF_17Networks_LH_SomMotB_Aud_1,0.301240981855212,0.024144470916283,0.329709441825703,0.2426826048589,0,0.052993798931715,0.358958345461856,1.30972964384967
17Networks_LH_SomMotA_2,gmd_17Networks_LH_SomMotA_2zDCwei_17Networks_LH_SomMotA_2zDCbin_17Networks_LH_SomMotA_2zReHo_17Networks_LH_SomMotA_2zfALFF_17Networks_LH_SomMotA_2zALFF_17Networks_LH_SomMotA_2,0.223580817930712,0.863407474396559,0.456910493368338,0.602148727372601,0,0.734423241672625,0.337722604786844,3.21819335952768
17Networks_LH_SomMotA_1,gmd_17Networks_LH_SomMotA_1zDCwei_17Networks_LH_SomMotA_1zDCbin_17Networks_LH_SomMotA_1zReHo_17Networks_LH_SomMotA_1zfALFF_17Networks_LH_SomMotA_1zALFF_17Networks_LH_SomMotA_1,0.016976813903989,0.491502185126435,0.936206605483965,0.99519470125368,0,0.170865705614491,0.837708553759539,3.4484545651421
17Networks_LH_VisPeri_ExStrSup_1,gmd_17Networks_LH_VisPeri_ExStrSup_1zDCwei_17Networks_LH_VisPeri_ExStrSup_1zDCbin_17Networks_LH_VisPeri_ExStrSup_1zReHo_17Networks_LH_VisPeri_ExStrSup_1zfALFF_17Networks_LH_VisPeri_ExStrSup_1zALFF_17Networks_LH_VisPeri_ExStrSup_1,0.739178925716959,0.673902569902308,0.369987546435162,0.390848975485435,0,0.582968810363742,0.188217648585426,2.94510447648903
17Networks_LH_VisPeri_StriCal_1,gmd_17Networks_LH_VisPeri_StriCal_1zDCwei_17Networks_LH_VisPeri_StriCal_1zDCbin_17Networks_LH_VisPeri_StriCal_1zReHo_17Networks_LH_VisPeri_StriCal_1zfALFF_17Networks_LH_VisPeri_StriCal_1zALFF_17Networks_LH_VisPeri_StriCal_1,0.54739901643474,0.705423987247655,0.698007553660393,0.514706812502114,0,0.885737302310574,0.385155204965869,3.73642987712134
17Networks_LH_VisPeri_ExStrInf_1,gmd_17Networks_LH_VisPeri_ExStrInf_1zDCwei_17Networks_LH_VisPeri_ExStrInf_1zDCbin_17Networks_LH_VisPeri_ExStrInf_1zReHo_17Networks_LH_VisPeri_ExStrInf_1zfALFF_17Networks_LH_VisPeri_ExStrInf_1zALFF_17Networks_LH_VisPeri_ExStrInf_1,0.62904217022446,0.568337810648638,0.677014666331557,0.474918215526588,0,0.710554265450292,0.560224533682274,3.62009166186381
17Networks_LH_VisCent_ExStr_3,gmd_17Networks_LH_VisCent_ExStr_3zDCwei_17Networks_LH_VisCent_ExStr_3zDCbin_17Networks_LH_VisCent_ExStr_3zReHo_17Networks_LH_VisCent_ExStr_3zfALFF_17Networks_LH_VisCent_ExStr_3zALFF_17Networks_LH_VisCent_ExStr_3,0.656037451363764,0.669992732718103,0.779805293289034,0.799557815572668,0,0.660222452441693,0.268770026417792,3.83438577180305
17Networks_LH_VisCent_Striate_1,gmd_17Networks_LH_VisCent_Striate_1zDCwei_17Networks_LH_VisCent_Striate_1zDCbin_17Networks_LH_VisCent_Striate_1zReHo_17Networks_LH_VisCent_Striate_1zfALFF_17Networks_LH_VisCent_Striate_1zALFF_17Networks_LH_VisCent_Striate_1,0.421724915094045,0.183984720655155,0.554806081798673,0.566356255807498,0,0.953735353237865,0.940185611762285,3.62079293835552
17Networks_LH_VisCent_ExStr_2,gmd_17Networks_LH_VisCent_ExStr_2zDCwei_17Networks_LH_VisCent_ExStr_2zDCbin_17Networks_LH_VisCent_ExStr_2zReHo_17Networks_LH_VisCent_ExStr_2zfALFF_17Networks_LH_VisCent_ExStr_2zALFF_17Networks_LH_VisCent_ExStr_2,0.876011927229094,0.327100350637267,0.939098542916416,0.912738485754392,0,0.62752606577706,0.460541644505377,4.14301701681961
17Networks_LH_VisCent_ExStr_1,gmd_17Networks_LH_VisCent_ExStr_1zDCwei_17Networks_LH_VisCent_ExStr_1zDCbin_17Networks_LH_VisCent_ExStr_1zReHo_17Networks_LH_VisCent_ExStr_1zfALFF_17Networks_LH_VisCent_ExStr_1zALFF_17Networks_LH_VisCent_ExStr_1,0.589787873647198,0.404838872675821,0.937718754650504,0.996615883364917,0,0.766015843332479,0.583408896362713,4.27838612403363
