parc_name,parcel_name,zALFF_sws_total_r,zfALFF_sws_total_r,zDCbin_sws_total_r,zDCwei_sws_total_r,fALFF_sws_total_r,zReHo_sws_total_r,gmd_sws_total_r,sws_total
17Networks_17,gmd_17Networks_17zReHo_17Networks_17fALFF_17Networks_17zDCwei_17Networks_17,0,0,0,-0.005426199185232,0.067268222470055,0.00144411540362,0.033909297481804,0.097195436170247
17Networks_16,gmd_17Networks_16zReHo_17Networks_16fALFF_17Networks_16zDCwei_17Networks_16,0,0,0,-0.040846164577783,0.029139207684444,0.050138719657509,-0.092583855602903,-0.054152092838733
17Networks_15,gmd_17Networks_15zReHo_17Networks_15fALFF_17Networks_15zDCwei_17Networks_15,0,0,0,-0.001432179971861,0.072161648089593,0.101293196865858,-0.072050507774911,0.099972157208679
17Networks_14,gmd_17Networks_14zReHo_17Networks_14fALFF_17Networks_14zDCwei_17Networks_14,0,0,0,-0.016478078538303,0.094398401906705,0.050326371505004,-0.015831396004142,0.112415298869264
17Networks_13,gmd_17Networks_13zReHo_17Networks_13fALFF_17Networks_13zDCwei_17Networks_13,0,0,0,0.000465184451822,0.073949746816241,0.033435767396658,-0.054018150618178,0.053832548046543
17Networks_12,gmd_17Networks_12zReHo_17Networks_12fALFF_17Networks_12zDCwei_17Networks_12,0,0,0,0.018393629029436,0.104250942927002,0.009639884362418,-0.0274427856543,0.104841670664556
17Networks_11,gmd_17Networks_11zReHo_17Networks_11fALFF_17Networks_11zDCwei_17Networks_11,0,0,0,0.024667030554004,0.112415938773883,0.094276623096186,-0.020506110473178,0.210853481950895
17Networks_10,gmd_17Networks_10zReHo_17Networks_10fALFF_17Networks_10zDCwei_17Networks_10,0,0,0,0.023845630731712,0.150428224388061,0.085729440002929,-0.049198827414386,0.210804467708316
17Networks_9,gmd_17Networks_9zReHo_17Networks_9fALFF_17Networks_9zDCwei_17Networks_9,0,0,0,0.094811376867452,0.120258929254959,0.108896273449092,-0.070913166020503,0.253053413551
17Networks_8,gmd_17Networks_8zReHo_17Networks_8fALFF_17Networks_8zDCwei_17Networks_8,0,0,0,0.049959582654852,0.081673369611348,0.054400948740211,-0.10114989834934,0.084884002657071
17Networks_7,gmd_17Networks_7zReHo_17Networks_7fALFF_17Networks_7zDCwei_17Networks_7,0,0,0,0.088133850989967,0.165939594572721,0.086796227888842,-0.080344744410279,0.260524929041251
17Networks_6,gmd_17Networks_6zReHo_17Networks_6fALFF_17Networks_6zDCwei_17Networks_6,0,0,0,0.047873962917086,0.134588015320785,0.056746383059414,-0.037304461499495,0.20190389979779
17Networks_5,gmd_17Networks_5zReHo_17Networks_5fALFF_17Networks_5zDCwei_17Networks_5,0,0,0,0.112053018467611,0.167828744230407,0.145450482303718,0.020322605429972,0.445654850431708
17Networks_4,gmd_17Networks_4zReHo_17Networks_4fALFF_17Networks_4zDCwei_17Networks_4,0,0,0,0.056632771340665,0.220247779283991,0.158193306040626,-0.080551349906212,0.35452250675907
17Networks_3,gmd_17Networks_3zReHo_17Networks_3fALFF_17Networks_3zDCwei_17Networks_3,0,0,0,0.05953645007942,0.185444825886929,0.087203157557398,-0.108630619246126,0.223553814277621
17Networks_2,gmd_17Networks_2zReHo_17Networks_2fALFF_17Networks_2zDCwei_17Networks_2,0,0,0,0.07006726575315,0.184297083069558,0.147103108539722,0.004801224361363,0.406268681723793
17Networks_1,gmd_17Networks_1zReHo_17Networks_1fALFF_17Networks_1zDCwei_17Networks_1,0,0,0,-0.026241843334503,0.122383234730092,0.054919424254397,-0.013638798146804,0.137422017503182
17Networks_RH_TempPar_3,gmd_17Networks_RH_TempPar_3zDCwei_17Networks_RH_TempPar_3zDCbin_17Networks_RH_TempPar_3zReHo_17Networks_RH_TempPar_3zfALFF_17Networks_RH_TempPar_3zALFF_17Networks_RH_TempPar_3,-0.063819320567859,-0.04728312058649,-0.143353234208931,-0.126468349653009,0,-0.062552784675451,-0.064798360908185,-0.508275170599925
lPFtha_R,gmd_lPFtha_RzReHo_lPFtha_RzfALFF_lPFtha_RzALFF_lPFtha_RzDCwei_lPFtha_RzDCbin_lPFtha_R,0.119685109322984,0.056634863547055,0.131498236449232,0.169420542337248,0,0.102476195094128,0.021727512012144,0.601442458762791
lPFtha_L,gmd_lPFtha_LzReHo_lPFtha_LzfALFF_lPFtha_LzALFF_lPFtha_LzDCwei_lPFtha_LzDCbin_lPFtha_L,0.045231327493564,0.181374902340573,0.203042188402691,0.222317339533609,0,0.158099340940633,0.017940263882191,0.828005362593261
cTtha_R,gmd_cTtha_RzReHo_cTtha_RzfALFF_cTtha_RzALFF_cTtha_RzDCwei_cTtha_RzDCbin_cTtha_R,0.155848324999543,0.085738916769538,0.086031952614936,0.094965433117339,0,0.013879729402381,-0.001136444489754,0.435327912413983
cTtha_L,gmd_cTtha_LzReHo_cTtha_LzfALFF_cTtha_LzALFF_cTtha_LzDCwei_cTtha_LzDCbin_cTtha_L,0.12647387870848,0.170588512707151,0.142849711258819,0.156057341105719,0,0.097446352931816,0.023222721128776,0.716638517840761
Otha_R,gmd_Otha_RzReHo_Otha_RzfALFF_Otha_RzALFF_Otha_RzDCwei_Otha_RzDCbin_Otha_R,0.122352669990891,0.141396704841047,0.130666670931466,0.135390532170466,0,0.073440322762016,0.035182605347434,0.63842950604332
Otha_L,gmd_Otha_LzReHo_Otha_LzfALFF_Otha_LzALFF_Otha_LzDCwei_Otha_LzDCbin_Otha_L,0.075881449749825,0.209341239035781,0.122749600381251,0.130348768402255,0,0.184986826284497,0.025455219595051,0.74876310344866
PPtha_R,gmd_PPtha_RzReHo_PPtha_RzfALFF_PPtha_RzALFF_PPtha_RzDCwei_PPtha_RzDCbin_PPtha_R,0.139781746890946,0.154658423998001,0.098310808749472,0.114021508061926,0,0.108442169354635,0.031784394757525,0.646999051812505
PPtha_L,gmd_PPtha_LzReHo_PPtha_LzfALFF_PPtha_LzALFF_PPtha_LzDCwei_PPtha_LzDCbin_PPtha_L,0.102666918711979,0.155609870601233,0.117995593931952,0.12462208976138,0,0.111020532136994,0.029700193456066,0.641615198599604
rTtha_R,gmd_rTtha_RzReHo_rTtha_RzfALFF_rTtha_RzALFF_rTtha_RzDCwei_rTtha_RzDCbin_rTtha_R,0.068852094029363,0.206654943676639,0.175274251109585,0.1819823166373,0,0.097777906745091,-0.043167310169879,0.687374202028099
rTtha_L,gmd_rTtha_LzReHo_rTtha_LzfALFF_rTtha_LzALFF_rTtha_LzDCwei_rTtha_LzDCbin_rTtha_L,0.070556336752707,0.199378999705423,0.08591241549805,0.085632222017513,0,0.105799931019359,-0.022110957373117,0.525168947619935
Stha_R,gmd_Stha_RzReHo_Stha_RzfALFF_Stha_RzALFF_Stha_RzDCwei_Stha_RzDCbin_Stha_R,0.124135814403517,0.217393064815936,0.117249151888891,0.14276366652416,0,0.155512502032255,0.022155927697741,0.7792101273625
Stha_L,gmd_Stha_LzReHo_Stha_LzfALFF_Stha_LzALFF_Stha_LzDCwei_Stha_LzDCbin_Stha_L,0.065008505230549,0.201201671918224,0.14364842545539,0.152837704133045,0,0.149669471716475,0.024847711804039,0.737213490257722
mPMtha_R,gmd_mPMtha_RzReHo_mPMtha_RzfALFF_mPMtha_RzALFF_mPMtha_RzDCwei_mPMtha_RzDCbin_mPMtha_R,0.086072967291604,0.119096845846273,0.14976096510496,0.166063616171242,0,0.159719514559344,0.015888492337979,0.696602401311402
mPMtha_L,gmd_mPMtha_LzReHo_mPMtha_LzfALFF_mPMtha_LzALFF_mPMtha_LzDCwei_mPMtha_LzDCbin_mPMtha_L,0.113064826528163,0.210563630697799,0.224094950691845,0.229585803201891,0,0.138204716064424,0.023571933536702,0.939085860720824
mPFtha_R,gmd_mPFtha_RzReHo_mPFtha_RzfALFF_mPFtha_RzALFF_mPFtha_RzDCwei_mPFtha_RzDCbin_mPFtha_R,0.078097982517193,0.109120768907021,0.125075231740684,0.11293868945682,0,0.124132254034554,0.019669357218301,0.569034283874573
mPFtha_L,gmd_mPFtha_LzReHo_mPFtha_LzfALFF_mPFtha_LzALFF_mPFtha_LzDCwei_mPFtha_LzDCbin_mPFtha_L,0.061972483499379,0.183485397478588,0.148606007095288,0.134952233951901,0,0.137264311228963,0.017320311907142,0.683600745161261
dlPu_R,gmd_dlPu_RzReHo_dlPu_RzfALFF_dlPu_RzALFF_dlPu_RzDCwei_dlPu_RzDCbin_dlPu_R,-0.120355605133386,-0.124452140564719,0.141090782199985,0.140850576732115,0,-0.010438145217786,0.017971628048772,0.044667096064981
dlPu_L,gmd_dlPu_LzReHo_dlPu_LzfALFF_dlPu_LzALFF_dlPu_LzDCwei_dlPu_LzDCbin_dlPu_L,0.041952186499195,0.06880693970369,0.173267873688553,0.211206872653939,0,0.09240032618582,0.033677879655048,0.621312078386245
dCa_R,gmd_dCa_RzReHo_dCa_RzfALFF_dCa_RzALFF_dCa_RzDCwei_dCa_RzDCbin_dCa_R,0.001732764376036,-0.120184017279773,0.025252742895785,0.034853651441346,0,-0.097037093121013,0.028959104536906,-0.126422847150713
dCa_L,gmd_dCa_LzReHo_dCa_LzfALFF_dCa_LzALFF_dCa_LzDCwei_dCa_LzDCbin_dCa_L,0.178183984480047,-0.099577354485008,-0.025891748659313,-0.031161308345614,0,-0.133594676923014,0.086365455590476,-0.025675648342426
vmPu_R,gmd_vmPu_RzReHo_vmPu_RzfALFF_vmPu_RzALFF_vmPu_RzDCwei_vmPu_RzDCbin_vmPu_R,-0.079425880781062,-0.114072308286463,0.063019784706254,0.072341468427296,0,-0.067226242712468,0.027476339131415,-0.097886839515028
vmPu_L,gmd_vmPu_LzReHo_vmPu_LzfALFF_vmPu_LzALFF_vmPu_LzDCwei_vmPu_LzDCbin_vmPu_L,-0.013199473144705,-0.009463421961973,0.0800203073556,0.084117604806221,0,-0.022131090846778,0.025892384701929,0.145236310910294
NAC_R,gmd_NAC_RzReHo_NAC_RzfALFF_NAC_RzALFF_NAC_RzDCwei_NAC_RzDCbin_NAC_R,-0.011209694513992,0.104717151051385,0.005243357997005,0.023710496868199,0,0.071647918438173,0.051508520616928,0.245617750457698
NAC_L,gmd_NAC_LzReHo_NAC_LzfALFF_NAC_LzALFF_NAC_LzDCwei_NAC_LzDCbin_NAC_L,0.002773113529905,0.153160963044727,0.055500837800455,0.052780189865349,0,0.081275489359181,0.046106259843171,0.391596853442788
GP_R,gmd_GP_RzReHo_GP_RzfALFF_GP_RzALFF_GP_RzDCwei_GP_RzDCbin_GP_R,-0.054227895696112,0.077613880735751,0.056767741891477,0.067885369630118,0,0.03657513105385,0.022450353037371,0.207064580652455
GP_L,gmd_GP_LzReHo_GP_LzfALFF_GP_LzALFF_GP_LzDCwei_GP_LzDCbin_GP_L,0.010452413145447,0.04421161527116,0.051819606661809,0.058192130730497,0,0.009938440938571,0.055510094664828,0.230124301412312
vCa_R,gmd_vCa_RzReHo_vCa_RzfALFF_vCa_RzALFF_vCa_RzDCwei_vCa_RzDCbin_vCa_R,-0.15058077529554,-0.081829533822632,0.042984512214717,0.051044450508697,0,0.011107222255363,0.049057120750954,-0.078217003388441
vCa_L,gmd_vCa_LzReHo_vCa_LzfALFF_vCa_LzALFF_vCa_LzDCwei_vCa_LzDCbin_vCa_L,0.011721461354518,-0.111664679745411,-0.01534128029404,0.015225921523549,0,-0.059528680059178,0.006171007458605,-0.153416249761957
cHipp_R,gmd_cHipp_RzReHo_cHipp_RzfALFF_cHipp_RzALFF_cHipp_RzDCwei_cHipp_RzDCbin_cHipp_R,-0.002949597446037,0.016528807434632,0.010067895990135,-0.008688181425239,0,0.010274384652336,0.000891522863629,0.026124832069456
cHipp_L,gmd_cHipp_LzReHo_cHipp_LzfALFF_cHipp_LzALFF_cHipp_LzDCwei_cHipp_LzDCbin_cHipp_L,-0.003626461409097,0.298801114018178,0.077012317079148,0.071129632090186,0,0.212114075969472,0.087214192292787,0.742644870040674
rHipp_R,gmd_rHipp_RzReHo_rHipp_RzfALFF_rHipp_RzALFF_rHipp_RzDCwei_rHipp_RzDCbin_rHipp_R,-0.032694207338113,0.224112720508797,0.08824855475071,0.087698331910047,0,0.122820037425515,0.044479704691948,0.534665141948904
rHipp_L,gmd_rHipp_LzReHo_rHipp_LzfALFF_rHipp_LzALFF_rHipp_LzDCwei_rHipp_LzDCbin_rHipp_L,-0.017343694149184,0.342219929850154,0.114487248729486,0.128850476789149,0,0.109047403267967,0.022684827566558,0.69994619205413
lAmyg_R,gmd_lAmyg_RzReHo_lAmyg_RzfALFF_lAmyg_RzALFF_lAmyg_RzDCwei_lAmyg_RzDCbin_lAmyg_R,-0.002184767032216,0.225677960551019,0.139176607694071,0.141331189863919,0,0.137789437961445,0.052922811294057,0.694713240332295
lAmyg_L,gmd_lAmyg_LzReHo_lAmyg_LzfALFF_lAmyg_LzALFF_lAmyg_LzDCwei_lAmyg_LzDCbin_lAmyg_L,0.006587964774027,0.207255473815181,0.093693678411593,0.102625602821056,0,0.094404291730028,-0.001316612816585,0.5032503987353
mAmyg_R,gmd_mAmyg_RzReHo_mAmyg_RzfALFF_mAmyg_RzALFF_mAmyg_RzDCwei_mAmyg_RzDCbin_mAmyg_R,-0.020306419476682,0.287235763535118,0.127222338132813,0.140063559667286,0,0.110026355173393,0.072771271579691,0.717012868611619
mAmyg_L,gmd_mAmyg_LzReHo_mAmyg_LzfALFF_mAmyg_LzALFF_mAmyg_LzDCwei_mAmyg_LzDCbin_mAmyg_L,-0.084298848435702,0.33852321505158,0.095763242351481,0.090624700756244,0,0.22466052707096,-0.026372876522479,0.638899960272084
17Networks_RH_TempPar_2,gmd_17Networks_RH_TempPar_2zDCwei_17Networks_RH_TempPar_2zDCbin_17Networks_RH_TempPar_2zReHo_17Networks_RH_TempPar_2zfALFF_17Networks_RH_TempPar_2zALFF_17Networks_RH_TempPar_2,-0.312156583640337,-0.115995112998899,-0.198715418311776,-0.199382217202971,0,-0.043777842316023,-0.005778367913223,-0.875805542383229
17Networks_RH_TempPar_1,gmd_17Networks_RH_TempPar_1zDCwei_17Networks_RH_TempPar_1zDCbin_17Networks_RH_TempPar_1zReHo_17Networks_RH_TempPar_1zfALFF_17Networks_RH_TempPar_1zALFF_17Networks_RH_TempPar_1,-0.101321634344297,0.113015638126939,0.028089177387106,0.029284466118932,0,0.065213437780251,0.14088486266329,0.275165947732221
17Networks_RH_DefaultC_PHC_1,gmd_17Networks_RH_DefaultC_PHC_1zDCwei_17Networks_RH_DefaultC_PHC_1zDCbin_17Networks_RH_DefaultC_PHC_1zReHo_17Networks_RH_DefaultC_PHC_1zfALFF_17Networks_RH_DefaultC_PHC_1zALFF_17Networks_RH_DefaultC_PHC_1,-0.125967121314389,-0.034109355855702,-0.191921698815291,-0.183299708184803,0,-0.124548838325929,0.066931472833756,-0.592915249662358
17Networks_RH_DefaultC_Rsp_1,gmd_17Networks_RH_DefaultC_Rsp_1zDCwei_17Networks_RH_DefaultC_Rsp_1zDCbin_17Networks_RH_DefaultC_Rsp_1zReHo_17Networks_RH_DefaultC_Rsp_1zfALFF_17Networks_RH_DefaultC_Rsp_1zALFF_17Networks_RH_DefaultC_Rsp_1,-0.06437708257174,-0.067967067724205,0.083347529184216,0.097568191539283,0,0.042137285519084,0.012980306400427,0.103689162347065
17Networks_RH_DefaultB_PFCv_2,gmd_17Networks_RH_DefaultB_PFCv_2zDCwei_17Networks_RH_DefaultB_PFCv_2zDCbin_17Networks_RH_DefaultB_PFCv_2zReHo_17Networks_RH_DefaultB_PFCv_2zfALFF_17Networks_RH_DefaultB_PFCv_2zALFF_17Networks_RH_DefaultB_PFCv_2,-0.117974798178101,-0.145204414248254,-0.030961785492365,-0.023969797121697,0,-0.029938110338387,0.010661091194333,-0.337387814184471
17Networks_RH_DefaultB_PFCv_1,gmd_17Networks_RH_DefaultB_PFCv_1zDCwei_17Networks_RH_DefaultB_PFCv_1zDCbin_17Networks_RH_DefaultB_PFCv_1zReHo_17Networks_RH_DefaultB_PFCv_1zfALFF_17Networks_RH_DefaultB_PFCv_1zALFF_17Networks_RH_DefaultB_PFCv_1,-0.034155682494684,0.06257621245642,-0.010556379728415,0.008476923980702,0,-0.043287920784603,0.000990258564431,-0.015956588006149
17Networks_RH_DefaultB_PFCd_1,gmd_17Networks_RH_DefaultB_PFCd_1zDCwei_17Networks_RH_DefaultB_PFCd_1zDCbin_17Networks_RH_DefaultB_PFCd_1zReHo_17Networks_RH_DefaultB_PFCd_1zfALFF_17Networks_RH_DefaultB_PFCd_1zALFF_17Networks_RH_DefaultB_PFCd_1,0.18134528970916,-0.115332636697458,0.028398843511517,0.037643737896357,0,0.098430293603879,0.106977502058165,0.33746303008162
17Networks_RH_DefaultA_PFCm_1,gmd_17Networks_RH_DefaultA_PFCm_1zDCwei_17Networks_RH_DefaultA_PFCm_1zDCbin_17Networks_RH_DefaultA_PFCm_1zReHo_17Networks_RH_DefaultA_PFCm_1zfALFF_17Networks_RH_DefaultA_PFCm_1zALFF_17Networks_RH_DefaultA_PFCm_1,0.139752100253409,-0.141575989658337,0.111570989402098,0.120071371479131,0,0.186700641417554,-0.103635856205317,0.312883256688538
17Networks_RH_DefaultA_pCunPCC_1,gmd_17Networks_RH_DefaultA_pCunPCC_1zDCwei_17Networks_RH_DefaultA_pCunPCC_1zDCbin_17Networks_RH_DefaultA_pCunPCC_1zReHo_17Networks_RH_DefaultA_pCunPCC_1zfALFF_17Networks_RH_DefaultA_pCunPCC_1zALFF_17Networks_RH_DefaultA_pCunPCC_1,0.067976075843833,-0.12031617169328,0.041576944353337,0.048156542421465,0,-0.153932494422565,0.14825747622211,0.0317183727249
17Networks_RH_DefaultA_PFCd_1,gmd_17Networks_RH_DefaultA_PFCd_1zDCwei_17Networks_RH_DefaultA_PFCd_1zDCbin_17Networks_RH_DefaultA_PFCd_1zReHo_17Networks_RH_DefaultA_PFCd_1zfALFF_17Networks_RH_DefaultA_PFCd_1zALFF_17Networks_RH_DefaultA_PFCd_1,0.160092912658807,-0.245561293539067,-0.070066361354623,-0.054364217672626,0,-0.056947748776408,-0.076348901932589,-0.343195610616506
17Networks_RH_DefaultA_IPL_1,gmd_17Networks_RH_DefaultA_IPL_1zDCwei_17Networks_RH_DefaultA_IPL_1zDCbin_17Networks_RH_DefaultA_IPL_1zReHo_17Networks_RH_DefaultA_IPL_1zfALFF_17Networks_RH_DefaultA_IPL_1zALFF_17Networks_RH_DefaultA_IPL_1,-0.054879929176226,-0.170446409266515,-0.152090519362048,-0.113973680288226,0,-0.056945650107943,-0.150633344066001,-0.698969532266959
17Networks_RH_ContC_pCun_1,gmd_17Networks_RH_ContC_pCun_1zDCwei_17Networks_RH_ContC_pCun_1zDCbin_17Networks_RH_ContC_pCun_1zReHo_17Networks_RH_ContC_pCun_1zfALFF_17Networks_RH_ContC_pCun_1zALFF_17Networks_RH_ContC_pCun_1,0.033061082154952,-0.157834151124682,0.00397478685266,0.021160619128202,0,-0.08160424190451,-0.022058742927324,-0.203300647820702
17Networks_RH_ContC_Cingp_1,gmd_17Networks_RH_ContC_Cingp_1zDCwei_17Networks_RH_ContC_Cingp_1zDCbin_17Networks_RH_ContC_Cingp_1zReHo_17Networks_RH_ContC_Cingp_1zfALFF_17Networks_RH_ContC_Cingp_1zALFF_17Networks_RH_ContC_Cingp_1,0.08408399597628,-0.152100632929512,-0.010598026770695,-0.00740445155327,0,0.153399663452895,-0.070795793628679,-0.003415245452981
17Networks_RH_ContB_PFClv_1,gmd_17Networks_RH_ContB_PFClv_1zDCwei_17Networks_RH_ContB_PFClv_1zDCbin_17Networks_RH_ContB_PFClv_1zReHo_17Networks_RH_ContB_PFClv_1zfALFF_17Networks_RH_ContB_PFClv_1zALFF_17Networks_RH_ContB_PFClv_1,0.103062617852646,-0.149815279102976,-0.000524610133443,0.017232411799612,0,0.124167617347792,-0.098010077963799,-0.003887320200168
17Networks_RH_ContB_PFCld_1,gmd_17Networks_RH_ContB_PFCld_1zDCwei_17Networks_RH_ContB_PFCld_1zDCbin_17Networks_RH_ContB_PFCld_1zReHo_17Networks_RH_ContB_PFCld_1zfALFF_17Networks_RH_ContB_PFCld_1zALFF_17Networks_RH_ContB_PFCld_1,-0.083055725288669,-0.241727445404658,-0.114577166765122,-0.144348931943334,0,-0.047155257517358,-0.024778969194256,-0.655643496113397
17Networks_RH_ContB_IPL_1,gmd_17Networks_RH_ContB_IPL_1zDCwei_17Networks_RH_ContB_IPL_1zDCbin_17Networks_RH_ContB_IPL_1zReHo_17Networks_RH_ContB_IPL_1zfALFF_17Networks_RH_ContB_IPL_1zALFF_17Networks_RH_ContB_IPL_1,0.044387549339969,-0.12844875658047,-0.091618074352741,-0.094025965364926,0,0.021095567790026,0.023243767821671,-0.225365911346471
17Networks_RH_ContB_Temp_1,gmd_17Networks_RH_ContB_Temp_1zDCwei_17Networks_RH_ContB_Temp_1zDCbin_17Networks_RH_ContB_Temp_1zReHo_17Networks_RH_ContB_Temp_1zfALFF_17Networks_RH_ContB_Temp_1zALFF_17Networks_RH_ContB_Temp_1,-0.140451885572788,-0.221873765036582,-0.08679985538057,-0.079732936823602,0,-0.035639461756111,0.002942123670569,-0.561555780899084
17Networks_RH_ContA_PFCl_2,gmd_17Networks_RH_ContA_PFCl_2zDCwei_17Networks_RH_ContA_PFCl_2zDCbin_17Networks_RH_ContA_PFCl_2zReHo_17Networks_RH_ContA_PFCl_2zfALFF_17Networks_RH_ContA_PFCl_2zALFF_17Networks_RH_ContA_PFCl_2,-0.218082477788702,-0.284079597019894,-0.126740151027662,-0.125060791455909,0,-0.094329964991051,0.026851290591059,-0.821441691692159
17Networks_RH_ContA_PFCl_1,gmd_17Networks_RH_ContA_PFCl_1zDCwei_17Networks_RH_ContA_PFCl_1zDCbin_17Networks_RH_ContA_PFCl_1zReHo_17Networks_RH_ContA_PFCl_1zfALFF_17Networks_RH_ContA_PFCl_1zALFF_17Networks_RH_ContA_PFCl_1,-0.065601255271528,-0.319176791317949,-0.082043707732146,-0.070106979400568,0,-0.008458191250607,-0.090425207361984,-0.635812132334782
17Networks_RH_ContA_IPS_1,gmd_17Networks_RH_ContA_IPS_1zDCwei_17Networks_RH_ContA_IPS_1zDCbin_17Networks_RH_ContA_IPS_1zReHo_17Networks_RH_ContA_IPS_1zfALFF_17Networks_RH_ContA_IPS_1zALFF_17Networks_RH_ContA_IPS_1,-0.076075631562307,-0.265531421276373,-0.104688313283435,-0.071301928252447,0,-0.156210277073366,0.026004760479065,-0.647802810968863
17Networks_RH_LimbicA_TempPole_1,gmd_17Networks_RH_LimbicA_TempPole_1zDCwei_17Networks_RH_LimbicA_TempPole_1zDCbin_17Networks_RH_LimbicA_TempPole_1zReHo_17Networks_RH_LimbicA_TempPole_1zfALFF_17Networks_RH_LimbicA_TempPole_1zALFF_17Networks_RH_LimbicA_TempPole_1,-0.026936365988793,0.059523129848272,-0.059539146952314,-0.034348046248918,0,-0.002501968602623,0.054084748671596,-0.00971764927278
17Networks_RH_LimbicB_OFC_1,gmd_17Networks_RH_LimbicB_OFC_1zDCwei_17Networks_RH_LimbicB_OFC_1zDCbin_17Networks_RH_LimbicB_OFC_1zReHo_17Networks_RH_LimbicB_OFC_1zfALFF_17Networks_RH_LimbicB_OFC_1zALFF_17Networks_RH_LimbicB_OFC_1,0.005108982591661,0.008141038774125,0.029352724094411,0.033523637457405,0,-0.052484697151336,0.0501392765337,0.073780962299966
17Networks_RH_SalVentAttnB_PFCmp_1,gmd_17Networks_RH_SalVentAttnB_PFCmp_1zDCwei_17Networks_RH_SalVentAttnB_PFCmp_1zDCbin_17Networks_RH_SalVentAttnB_PFCmp_1zReHo_17Networks_RH_SalVentAttnB_PFCmp_1zfALFF_17Networks_RH_SalVentAttnB_PFCmp_1zALFF_17Networks_RH_SalVentAttnB_PFCmp_1,0.128421947541992,-0.310143832248736,-0.077132731145818,-0.067472838181709,0,-0.164142909636557,0.032662758350015,-0.457807605320813
17Networks_RH_SalVentAttnB_PFCl_1,gmd_17Networks_RH_SalVentAttnB_PFCl_1zDCwei_17Networks_RH_SalVentAttnB_PFCl_1zDCbin_17Networks_RH_SalVentAttnB_PFCl_1zReHo_17Networks_RH_SalVentAttnB_PFCl_1zfALFF_17Networks_RH_SalVentAttnB_PFCl_1zALFF_17Networks_RH_SalVentAttnB_PFCl_1,0.069899535974089,-0.23800899256076,-0.13905873557103,-0.129126925285633,0,-0.133466334925441,0.099022300046584,-0.470739152322191
17Networks_RH_SalVentAttnB_IPL_1,gmd_17Networks_RH_SalVentAttnB_IPL_1zDCwei_17Networks_RH_SalVentAttnB_IPL_1zDCbin_17Networks_RH_SalVentAttnB_IPL_1zReHo_17Networks_RH_SalVentAttnB_IPL_1zfALFF_17Networks_RH_SalVentAttnB_IPL_1zALFF_17Networks_RH_SalVentAttnB_IPL_1,-0.056534940319892,-0.181442443141706,-0.180468478124038,-0.167791055733478,0,-0.014986211004763,-0.121786236916605,-0.723009365240482
17Networks_RH_SalVentAttnA_FrMed_1,gmd_17Networks_RH_SalVentAttnA_FrMed_1zDCwei_17Networks_RH_SalVentAttnA_FrMed_1zDCbin_17Networks_RH_SalVentAttnA_FrMed_1zReHo_17Networks_RH_SalVentAttnA_FrMed_1zfALFF_17Networks_RH_SalVentAttnA_FrMed_1zALFF_17Networks_RH_SalVentAttnA_FrMed_1,-0.052033779364435,-0.257138129339856,-0.151321600654309,-0.167595868234127,0,-0.148567799300301,0.085388745917549,-0.691268430975479
17Networks_RH_SalVentAttnA_ParMed_1,gmd_17Networks_RH_SalVentAttnA_ParMed_1zDCwei_17Networks_RH_SalVentAttnA_ParMed_1zDCbin_17Networks_RH_SalVentAttnA_ParMed_1zReHo_17Networks_RH_SalVentAttnA_ParMed_1zfALFF_17Networks_RH_SalVentAttnA_ParMed_1zALFF_17Networks_RH_SalVentAttnA_ParMed_1,-0.062049378472725,-0.175128482591586,-0.221255212953169,-0.20658498842044,0,-0.138262267941484,-0.002823114679963,-0.806103445059367
17Networks_RH_SalVentAttnA_Ins_1,gmd_17Networks_RH_SalVentAttnA_Ins_1zDCwei_17Networks_RH_SalVentAttnA_Ins_1zDCbin_17Networks_RH_SalVentAttnA_Ins_1zReHo_17Networks_RH_SalVentAttnA_Ins_1zfALFF_17Networks_RH_SalVentAttnA_Ins_1zALFF_17Networks_RH_SalVentAttnA_Ins_1,-0.10566743625585,0.004359128011451,-0.033434905964347,-0.022665094800571,0,-0.062095414588014,0.029466969958815,-0.190036753638516
17Networks_RH_SalVentAttnA_ParOper_1,gmd_17Networks_RH_SalVentAttnA_ParOper_1zDCwei_17Networks_RH_SalVentAttnA_ParOper_1zDCbin_17Networks_RH_SalVentAttnA_ParOper_1zReHo_17Networks_RH_SalVentAttnA_ParOper_1zfALFF_17Networks_RH_SalVentAttnA_ParOper_1zALFF_17Networks_RH_SalVentAttnA_ParOper_1,-0.138733106130687,-0.167007952839825,-0.14335392688723,-0.132650089869962,0,-0.031214070222112,0.005014460717267,-0.607944685232549
17Networks_RH_DorsAttnB_FEF_1,gmd_17Networks_RH_DorsAttnB_FEF_1zDCwei_17Networks_RH_DorsAttnB_FEF_1zDCbin_17Networks_RH_DorsAttnB_FEF_1zReHo_17Networks_RH_DorsAttnB_FEF_1zfALFF_17Networks_RH_DorsAttnB_FEF_1zALFF_17Networks_RH_DorsAttnB_FEF_1,-0.013536459535772,-0.279002106451822,-0.109889022027737,-0.10006456517036,0,-0.078726944987331,0.032583336487529,-0.548635761685493
17Networks_RH_DorsAttnB_PostC_2,gmd_17Networks_RH_DorsAttnB_PostC_2zDCwei_17Networks_RH_DorsAttnB_PostC_2zDCbin_17Networks_RH_DorsAttnB_PostC_2zReHo_17Networks_RH_DorsAttnB_PostC_2zfALFF_17Networks_RH_DorsAttnB_PostC_2zALFF_17Networks_RH_DorsAttnB_PostC_2,0.055083294301313,-0.120309646656831,-0.094822972657768,-0.089921752750084,0,-0.084693228620291,0.067454702735222,-0.267209603648439
17Networks_RH_DorsAttnB_PostC_1,gmd_17Networks_RH_DorsAttnB_PostC_1zDCwei_17Networks_RH_DorsAttnB_PostC_1zDCbin_17Networks_RH_DorsAttnB_PostC_1zReHo_17Networks_RH_DorsAttnB_PostC_1zfALFF_17Networks_RH_DorsAttnB_PostC_1zALFF_17Networks_RH_DorsAttnB_PostC_1,-0.106146934829308,-0.358031593297085,-0.09333036224399,-0.067490514541106,0,-0.206483302452121,-0.061914825849372,-0.893397533212982
17Networks_RH_DorsAttnA_SPL_1,gmd_17Networks_RH_DorsAttnA_SPL_1zDCwei_17Networks_RH_DorsAttnA_SPL_1zDCbin_17Networks_RH_DorsAttnA_SPL_1zReHo_17Networks_RH_DorsAttnA_SPL_1zfALFF_17Networks_RH_DorsAttnA_SPL_1zALFF_17Networks_RH_DorsAttnA_SPL_1,-0.051755823475647,-0.164310269198039,-0.052294722249258,-0.044265672879706,0,-0.070643007840954,-0.014635024513413,-0.397904520157017
17Networks_RH_DorsAttnA_ParOcc_1,gmd_17Networks_RH_DorsAttnA_ParOcc_1zDCwei_17Networks_RH_DorsAttnA_ParOcc_1zDCbin_17Networks_RH_DorsAttnA_ParOcc_1zReHo_17Networks_RH_DorsAttnA_ParOcc_1zfALFF_17Networks_RH_DorsAttnA_ParOcc_1zALFF_17Networks_RH_DorsAttnA_ParOcc_1,-0.224329542268586,-0.175014179367914,-0.137264336963837,-0.09822308858715,0,-0.079079753292554,0.025280395796327,-0.688630504683714
17Networks_RH_DorsAttnA_TempOcc_1,gmd_17Networks_RH_DorsAttnA_TempOcc_1zDCwei_17Networks_RH_DorsAttnA_TempOcc_1zDCbin_17Networks_RH_DorsAttnA_TempOcc_1zReHo_17Networks_RH_DorsAttnA_TempOcc_1zfALFF_17Networks_RH_DorsAttnA_TempOcc_1zALFF_17Networks_RH_DorsAttnA_TempOcc_1,-0.147990495391782,-0.170142869858476,-0.068816075688825,-0.048546407643047,0,-0.092565191417001,0.008492443781185,-0.519568596217946
17Networks_RH_SomMotB_Cent_1,gmd_17Networks_RH_SomMotB_Cent_1zDCwei_17Networks_RH_SomMotB_Cent_1zDCbin_17Networks_RH_SomMotB_Cent_1zReHo_17Networks_RH_SomMotB_Cent_1zfALFF_17Networks_RH_SomMotB_Cent_1zALFF_17Networks_RH_SomMotB_Cent_1,-0.242237541125759,-0.279427227512826,-0.094402399056037,-0.09105630986196,0,-0.096661771345619,-0.01064217555083,-0.814427424453031
17Networks_RH_SomMotB_S2_2,gmd_17Networks_RH_SomMotB_S2_2zDCwei_17Networks_RH_SomMotB_S2_2zDCbin_17Networks_RH_SomMotB_S2_2zReHo_17Networks_RH_SomMotB_S2_2zfALFF_17Networks_RH_SomMotB_S2_2zALFF_17Networks_RH_SomMotB_S2_2,-0.125051423778381,-0.220242099027727,-0.161295744210648,-0.154101443721309,0,-0.069072397087904,-0.045797204637807,-0.775560312463776
17Networks_RH_SomMotB_S2_1,gmd_17Networks_RH_SomMotB_S2_1zDCwei_17Networks_RH_SomMotB_S2_1zDCbin_17Networks_RH_SomMotB_S2_1zReHo_17Networks_RH_SomMotB_S2_1zfALFF_17Networks_RH_SomMotB_S2_1zALFF_17Networks_RH_SomMotB_S2_1,-0.240473319059663,-0.198087881565989,-0.236846204428415,-0.2183112281972,0,-0.172183417918739,-0.005068310697873,-1.07097036186788
17Networks_RH_SomMotB_Aud_1,gmd_17Networks_RH_SomMotB_Aud_1zDCwei_17Networks_RH_SomMotB_Aud_1zDCbin_17Networks_RH_SomMotB_Aud_1zReHo_17Networks_RH_SomMotB_Aud_1zfALFF_17Networks_RH_SomMotB_Aud_1zALFF_17Networks_RH_SomMotB_Aud_1,-0.173136041229656,-0.019200781357742,-0.147534507685464,-0.153335492288972,0,-0.046310341461149,0.021660388331828,-0.517856775691155
17Networks_RH_SomMotA_4,gmd_17Networks_RH_SomMotA_4zDCwei_17Networks_RH_SomMotA_4zDCbin_17Networks_RH_SomMotA_4zReHo_17Networks_RH_SomMotA_4zfALFF_17Networks_RH_SomMotA_4zALFF_17Networks_RH_SomMotA_4,0.016400075442836,-0.045193090798286,-0.1236344682027,-0.121039947024468,0,-0.056778730370177,0.13944302191504,-0.190803139037755
17Networks_RH_SomMotA_3,gmd_17Networks_RH_SomMotA_3zDCwei_17Networks_RH_SomMotA_3zDCbin_17Networks_RH_SomMotA_3zReHo_17Networks_RH_SomMotA_3zfALFF_17Networks_RH_SomMotA_3zALFF_17Networks_RH_SomMotA_3,-0.138606210531962,-0.118793329736829,-0.147359127220834,-0.1258879424245,0,-0.098574853387897,-0.026989336543799,-0.656210799845821
17Networks_RH_SomMotA_2,gmd_17Networks_RH_SomMotA_2zDCwei_17Networks_RH_SomMotA_2zDCbin_17Networks_RH_SomMotA_2zReHo_17Networks_RH_SomMotA_2zfALFF_17Networks_RH_SomMotA_2zALFF_17Networks_RH_SomMotA_2,-0.077058234961454,-0.219892628940037,-0.163229913779208,-0.178593145416945,0,-0.035896851694744,-0.132676085888234,-0.807346860680622
17Networks_RH_SomMotA_1,gmd_17Networks_RH_SomMotA_1zDCwei_17Networks_RH_SomMotA_1zDCbin_17Networks_RH_SomMotA_1zReHo_17Networks_RH_SomMotA_1zfALFF_17Networks_RH_SomMotA_1zALFF_17Networks_RH_SomMotA_1,-0.16342695879422,-0.328709062861545,-0.080905379116898,-0.067660034688936,0,-0.033790851549658,0.028506113093617,-0.64598617391764
17Networks_RH_VisPeri_ExStrSup_1,gmd_17Networks_RH_VisPeri_ExStrSup_1zDCwei_17Networks_RH_VisPeri_ExStrSup_1zDCbin_17Networks_RH_VisPeri_ExStrSup_1zReHo_17Networks_RH_VisPeri_ExStrSup_1zfALFF_17Networks_RH_VisPeri_ExStrSup_1zALFF_17Networks_RH_VisPeri_ExStrSup_1,0.041120377803832,-0.098850448982323,-0.012181615016158,-0.013296384269101,0,-0.173431476076192,-0.115108214414242,-0.371747760954184
17Networks_RH_VisPeri_ExStrInf_1,gmd_17Networks_RH_VisPeri_ExStrInf_1zDCwei_17Networks_RH_VisPeri_ExStrInf_1zDCbin_17Networks_RH_VisPeri_ExStrInf_1zReHo_17Networks_RH_VisPeri_ExStrInf_1zfALFF_17Networks_RH_VisPeri_ExStrInf_1zALFF_17Networks_RH_VisPeri_ExStrInf_1,-0.062644048971936,-0.022255969716446,-0.016132580316797,-0.022152710655607,0,-0.006772954594328,-0.076059554387747,-0.206017818642861
17Networks_RH_VisPeri_StriCal_1,gmd_17Networks_RH_VisPeri_StriCal_1zDCwei_17Networks_RH_VisPeri_StriCal_1zDCbin_17Networks_RH_VisPeri_StriCal_1zReHo_17Networks_RH_VisPeri_StriCal_1zfALFF_17Networks_RH_VisPeri_StriCal_1zALFF_17Networks_RH_VisPeri_StriCal_1,-0.10202699615616,-0.051075916456795,-0.050113176563984,-0.056121432622351,0,-0.081947881876902,0.013682677199004,-0.327602726477188
17Networks_RH_VisCent_ExStr_3,gmd_17Networks_RH_VisCent_ExStr_3zDCwei_17Networks_RH_VisCent_ExStr_3zDCbin_17Networks_RH_VisCent_ExStr_3zReHo_17Networks_RH_VisCent_ExStr_3zfALFF_17Networks_RH_VisCent_ExStr_3zALFF_17Networks_RH_VisCent_ExStr_3,-0.165040207496089,-0.162151244573735,-0.076141704727231,-0.067333059935482,0,-0.150260387094596,0.164699321887925,-0.456227281939208
17Networks_RH_VisCent_ExStr_2,gmd_17Networks_RH_VisCent_ExStr_2zDCwei_17Networks_RH_VisCent_ExStr_2zDCbin_17Networks_RH_VisCent_ExStr_2zReHo_17Networks_RH_VisCent_ExStr_2zfALFF_17Networks_RH_VisCent_ExStr_2zALFF_17Networks_RH_VisCent_ExStr_2,-0.083753423927188,-0.034132217442371,0.063872744157509,0.089770173068061,0,-0.059486974965747,0.13213974412098,0.108410045011244
17Networks_RH_VisCent_ExStr_1,gmd_17Networks_RH_VisCent_ExStr_1zDCwei_17Networks_RH_VisCent_ExStr_1zDCbin_17Networks_RH_VisCent_ExStr_1zReHo_17Networks_RH_VisCent_ExStr_1zfALFF_17Networks_RH_VisCent_ExStr_1zALFF_17Networks_RH_VisCent_ExStr_1,-0.110679063329657,-0.12003877905648,-0.026460699173832,-0.032581441590654,0,-0.172198501826394,0.025542074157158,-0.436416410819859
17Networks_LH_TempPar_1,gmd_17Networks_LH_TempPar_1zDCwei_17Networks_LH_TempPar_1zDCbin_17Networks_LH_TempPar_1zReHo_17Networks_LH_TempPar_1zfALFF_17Networks_LH_TempPar_1zALFF_17Networks_LH_TempPar_1,-0.110008914560017,0.051482446766267,-0.151553304434125,-0.153114589291105,0,0.006029428671213,0.002752564255299,-0.354412368592468
17Networks_LH_DefaultC_PHC_1,gmd_17Networks_LH_DefaultC_PHC_1zDCwei_17Networks_LH_DefaultC_PHC_1zDCbin_17Networks_LH_DefaultC_PHC_1zReHo_17Networks_LH_DefaultC_PHC_1zfALFF_17Networks_LH_DefaultC_PHC_1zALFF_17Networks_LH_DefaultC_PHC_1,-0.148975086191593,0.167594438964817,-0.086907258972226,-0.081517513944534,0,0.084551123746815,0.01970956678637,-0.045544729610351
17Networks_LH_DefaultC_Rsp_1,gmd_17Networks_LH_DefaultC_Rsp_1zDCwei_17Networks_LH_DefaultC_Rsp_1zDCbin_17Networks_LH_DefaultC_Rsp_1zReHo_17Networks_LH_DefaultC_Rsp_1zfALFF_17Networks_LH_DefaultC_Rsp_1zALFF_17Networks_LH_DefaultC_Rsp_1,-0.193865387342478,-0.175309561072265,-0.09032742051471,-0.100196819167388,0,-0.080798443150454,0.008963164004059,-0.631534467243236
17Networks_LH_DefaultB_PFCv_2,gmd_17Networks_LH_DefaultB_PFCv_2zDCwei_17Networks_LH_DefaultB_PFCv_2zDCbin_17Networks_LH_DefaultB_PFCv_2zReHo_17Networks_LH_DefaultB_PFCv_2zfALFF_17Networks_LH_DefaultB_PFCv_2zALFF_17Networks_LH_DefaultB_PFCv_2,0.053122499386347,-0.030037281015744,-0.03924809462057,-0.017429066616087,0,-0.038271157393147,0.055737569118357,-0.016125531140844
17Networks_LH_DefaultB_PFCv_1,gmd_17Networks_LH_DefaultB_PFCv_1zDCwei_17Networks_LH_DefaultB_PFCv_1zDCbin_17Networks_LH_DefaultB_PFCv_1zReHo_17Networks_LH_DefaultB_PFCv_1zfALFF_17Networks_LH_DefaultB_PFCv_1zALFF_17Networks_LH_DefaultB_PFCv_1,0.050152258723165,0.12657219445016,0.066662886251182,0.051783014177757,0,0.019823902061658,-0.051382690704346,0.263611564959576
17Networks_LH_DefaultB_PFCl_1,gmd_17Networks_LH_DefaultB_PFCl_1zDCwei_17Networks_LH_DefaultB_PFCl_1zDCbin_17Networks_LH_DefaultB_PFCl_1zReHo_17Networks_LH_DefaultB_PFCl_1zfALFF_17Networks_LH_DefaultB_PFCl_1zALFF_17Networks_LH_DefaultB_PFCl_1,0.078577049441871,-0.080392182232344,-0.090756214695032,-0.109507709775615,0,-0.012225756784025,-0.109724078116649,-0.324028892161794
17Networks_LH_DefaultB_PFCd_1,gmd_17Networks_LH_DefaultB_PFCd_1zDCwei_17Networks_LH_DefaultB_PFCd_1zDCbin_17Networks_LH_DefaultB_PFCd_1zReHo_17Networks_LH_DefaultB_PFCd_1zfALFF_17Networks_LH_DefaultB_PFCd_1zALFF_17Networks_LH_DefaultB_PFCd_1,0.093602766439693,-0.15486599488318,0.038558733409875,0.043648530991798,0,0.020465579743002,0.037339518084388,0.078749133785576
17Networks_LH_DefaultB_IPL_1,gmd_17Networks_LH_DefaultB_IPL_1zDCwei_17Networks_LH_DefaultB_IPL_1zDCbin_17Networks_LH_DefaultB_IPL_1zReHo_17Networks_LH_DefaultB_IPL_1zfALFF_17Networks_LH_DefaultB_IPL_1zALFF_17Networks_LH_DefaultB_IPL_1,0.052186540232562,-0.071324039869682,-0.053941981504781,-0.061937858839489,0,-0.060230427354289,-0.072470337491329,-0.267718104827008
17Networks_LH_DefaultB_Temp_2,gmd_17Networks_LH_DefaultB_Temp_2zDCwei_17Networks_LH_DefaultB_Temp_2zDCbin_17Networks_LH_DefaultB_Temp_2zReHo_17Networks_LH_DefaultB_Temp_2zfALFF_17Networks_LH_DefaultB_Temp_2zALFF_17Networks_LH_DefaultB_Temp_2,-0.127483534850921,-0.029038019473342,-0.144811153334783,-0.156119523285931,0,-0.047192291762924,-0.073895739020284,-0.578540261728185
17Networks_LH_DefaultB_Temp_1,gmd_17Networks_LH_DefaultB_Temp_1zDCwei_17Networks_LH_DefaultB_Temp_1zDCbin_17Networks_LH_DefaultB_Temp_1zReHo_17Networks_LH_DefaultB_Temp_1zfALFF_17Networks_LH_DefaultB_Temp_1zALFF_17Networks_LH_DefaultB_Temp_1,0.138642101744582,0.168766916295466,-0.061578291051933,-0.066517352634817,0,-0.011507779041233,0.020877948810314,0.188683544122379
17Networks_LH_DefaultA_PFCm_1,gmd_17Networks_LH_DefaultA_PFCm_1zDCwei_17Networks_LH_DefaultA_PFCm_1zDCbin_17Networks_LH_DefaultA_PFCm_1zReHo_17Networks_LH_DefaultA_PFCm_1zfALFF_17Networks_LH_DefaultA_PFCm_1zALFF_17Networks_LH_DefaultA_PFCm_1,0.036458662226065,-0.128669749499326,0.005912481963278,0.018262487073132,0,0.003588568628516,-0.098264771411521,-0.162712321019856
17Networks_LH_DefaultA_pCunPCC_1,gmd_17Networks_LH_DefaultA_pCunPCC_1zDCwei_17Networks_LH_DefaultA_pCunPCC_1zDCbin_17Networks_LH_DefaultA_pCunPCC_1zReHo_17Networks_LH_DefaultA_pCunPCC_1zfALFF_17Networks_LH_DefaultA_pCunPCC_1zALFF_17Networks_LH_DefaultA_pCunPCC_1,-0.064426323216313,-0.179755926461072,-0.009899650730322,-0.000902096758726,0,-0.136613060598723,0.003895276176077,-0.387701781589079
17Networks_LH_DefaultA_PFCd_1,gmd_17Networks_LH_DefaultA_PFCd_1zDCwei_17Networks_LH_DefaultA_PFCd_1zDCbin_17Networks_LH_DefaultA_PFCd_1zReHo_17Networks_LH_DefaultA_PFCd_1zfALFF_17Networks_LH_DefaultA_PFCd_1zALFF_17Networks_LH_DefaultA_PFCd_1,0.063026346173857,-0.13292147651225,-0.064283438685088,-0.080355460096309,0,-0.010831607402669,-0.091123759424206,-0.316489395946665
17Networks_LH_ContC_Cingp_1,gmd_17Networks_LH_ContC_Cingp_1zDCwei_17Networks_LH_ContC_Cingp_1zDCbin_17Networks_LH_ContC_Cingp_1zReHo_17Networks_LH_ContC_Cingp_1zfALFF_17Networks_LH_ContC_Cingp_1zALFF_17Networks_LH_ContC_Cingp_1,0.03229643678305,-0.037171849792524,-0.085720782309156,-0.050662691109251,0,0.056274626045306,0.018363086869271,-0.066621173513304
17Networks_LH_ContC_pCun_2,gmd_17Networks_LH_ContC_pCun_2zDCwei_17Networks_LH_ContC_pCun_2zDCbin_17Networks_LH_ContC_pCun_2zReHo_17Networks_LH_ContC_pCun_2zfALFF_17Networks_LH_ContC_pCun_2zALFF_17Networks_LH_ContC_pCun_2,-0.153088052143467,-0.233347010121799,-0.041274808303917,-0.06176724292646,0,-0.110796054267505,-0.032296428224295,-0.632569595987443
17Networks_LH_ContC_pCun_1,gmd_17Networks_LH_ContC_pCun_1zDCwei_17Networks_LH_ContC_pCun_1zDCbin_17Networks_LH_ContC_pCun_1zReHo_17Networks_LH_ContC_pCun_1zfALFF_17Networks_LH_ContC_pCun_1zALFF_17Networks_LH_ContC_pCun_1,-0.134661804462116,-0.213920300754501,-0.005826752036165,-0.013174198339109,0,-0.190146362854643,-0.014486478757469,-0.572215897204003
17Networks_LH_ContB_PFClv_1,gmd_17Networks_LH_ContB_PFClv_1zDCwei_17Networks_LH_ContB_PFClv_1zDCbin_17Networks_LH_ContB_PFClv_1zReHo_17Networks_LH_ContB_PFClv_1zfALFF_17Networks_LH_ContB_PFClv_1zALFF_17Networks_LH_ContB_PFClv_1,0.072963335230397,-0.152614078209149,0.017366331989729,0.048305849814791,0,0.018539014547829,0.076662207186901,0.081222660560498
17Networks_LH_ContA_PFCl_2,gmd_17Networks_LH_ContA_PFCl_2zDCwei_17Networks_LH_ContA_PFCl_2zDCbin_17Networks_LH_ContA_PFCl_2zReHo_17Networks_LH_ContA_PFCl_2zfALFF_17Networks_LH_ContA_PFCl_2zALFF_17Networks_LH_ContA_PFCl_2,0.081397825414398,-0.174273721127198,-0.017144169831708,-0.012928102207834,0,-0.056361941086032,0.027383122473691,-0.151926986364683
17Networks_LH_ContA_PFCl_1,gmd_17Networks_LH_ContA_PFCl_1zDCwei_17Networks_LH_ContA_PFCl_1zDCbin_17Networks_LH_ContA_PFCl_1zReHo_17Networks_LH_ContA_PFCl_1zfALFF_17Networks_LH_ContA_PFCl_1zALFF_17Networks_LH_ContA_PFCl_1,0.121215680434945,-0.213348482954225,-0.135673601877669,-0.104534777103644,0,-0.089267536493922,-0.051551058931459,-0.473159776925974
17Networks_LH_ContA_IPS_1,gmd_17Networks_LH_ContA_IPS_1zDCwei_17Networks_LH_ContA_IPS_1zDCbin_17Networks_LH_ContA_IPS_1zReHo_17Networks_LH_ContA_IPS_1zfALFF_17Networks_LH_ContA_IPS_1zALFF_17Networks_LH_ContA_IPS_1,0.159625496492742,-0.137448174086638,-0.052950995916717,-0.038322103394226,0,-0.038488377586103,0.039458040928815,-0.068126113562127
17Networks_LH_LimbicA_TempPole_2,gmd_17Networks_LH_LimbicA_TempPole_2zDCwei_17Networks_LH_LimbicA_TempPole_2zDCbin_17Networks_LH_LimbicA_TempPole_2zReHo_17Networks_LH_LimbicA_TempPole_2zfALFF_17Networks_LH_LimbicA_TempPole_2zALFF_17Networks_LH_LimbicA_TempPole_2,0.004987866238588,0.068143070913268,-0.135104376688718,-0.153589580434077,0,-0.155706442679239,0.126601491035375,-0.244667971614803
17Networks_LH_LimbicA_TempPole_1,gmd_17Networks_LH_LimbicA_TempPole_1zDCwei_17Networks_LH_LimbicA_TempPole_1zDCbin_17Networks_LH_LimbicA_TempPole_1zReHo_17Networks_LH_LimbicA_TempPole_1zfALFF_17Networks_LH_LimbicA_TempPole_1zALFF_17Networks_LH_LimbicA_TempPole_1,0.136872752751097,0.267490927778051,0.006424749706855,0.02136699098045,0,0.020732608824854,0.079378654499872,0.532266684541179
17Networks_LH_LimbicB_OFC_1,gmd_17Networks_LH_LimbicB_OFC_1zDCwei_17Networks_LH_LimbicB_OFC_1zDCbin_17Networks_LH_LimbicB_OFC_1zReHo_17Networks_LH_LimbicB_OFC_1zfALFF_17Networks_LH_LimbicB_OFC_1zALFF_17Networks_LH_LimbicB_OFC_1,0.014896936604219,0.053973330926291,0.005201167833301,0.010148557273936,0,-0.058843104554663,0.102743475096217,0.128120363179301
17Networks_LH_SalVentAttnB_PFCmp_1,gmd_17Networks_LH_SalVentAttnB_PFCmp_1zDCwei_17Networks_LH_SalVentAttnB_PFCmp_1zDCbin_17Networks_LH_SalVentAttnB_PFCmp_1zReHo_17Networks_LH_SalVentAttnB_PFCmp_1zfALFF_17Networks_LH_SalVentAttnB_PFCmp_1zALFF_17Networks_LH_SalVentAttnB_PFCmp_1,-0.091710287329977,-0.233666795156716,-0.153100787797905,-0.146330335898846,0,-0.143244256332151,0.005949533790907,-0.762102928724688
17Networks_LH_SalVentAttnB_PFCl_1,gmd_17Networks_LH_SalVentAttnB_PFCl_1zDCwei_17Networks_LH_SalVentAttnB_PFCl_1zDCbin_17Networks_LH_SalVentAttnB_PFCl_1zReHo_17Networks_LH_SalVentAttnB_PFCl_1zfALFF_17Networks_LH_SalVentAttnB_PFCl_1zALFF_17Networks_LH_SalVentAttnB_PFCl_1,0.057886709606527,-0.249916404479616,-0.064343901611274,-0.050796431330899,0,-0.061513415370988,-0.029571481677147,-0.398254924863397
17Networks_LH_SalVentAttnA_FrMed_1,gmd_17Networks_LH_SalVentAttnA_FrMed_1zDCwei_17Networks_LH_SalVentAttnA_FrMed_1zDCbin_17Networks_LH_SalVentAttnA_FrMed_1zReHo_17Networks_LH_SalVentAttnA_FrMed_1zfALFF_17Networks_LH_SalVentAttnA_FrMed_1zALFF_17Networks_LH_SalVentAttnA_FrMed_1,0.011788811802011,-0.147907580079252,-0.113013950045487,-0.120605598956357,0,-0.077321872457844,0.085967040477986,-0.361093149258943
17Networks_LH_SalVentAttnA_ParMed_1,gmd_17Networks_LH_SalVentAttnA_ParMed_1zDCwei_17Networks_LH_SalVentAttnA_ParMed_1zDCbin_17Networks_LH_SalVentAttnA_ParMed_1zReHo_17Networks_LH_SalVentAttnA_ParMed_1zfALFF_17Networks_LH_SalVentAttnA_ParMed_1zALFF_17Networks_LH_SalVentAttnA_ParMed_1,-0.056110883477714,0.077605193530636,-0.247099930632699,-0.240809983096207,0,-0.003713742057702,0.095220577491722,-0.374908768241964
17Networks_LH_SalVentAttnA_Ins_2,gmd_17Networks_LH_SalVentAttnA_Ins_2zDCwei_17Networks_LH_SalVentAttnA_Ins_2zDCbin_17Networks_LH_SalVentAttnA_Ins_2zReHo_17Networks_LH_SalVentAttnA_Ins_2zfALFF_17Networks_LH_SalVentAttnA_Ins_2zALFF_17Networks_LH_SalVentAttnA_Ins_2,0.048710189281219,0.028302317770713,-0.010814542118523,-0.017544877093554,0,-0.091940083230336,0.083596457585495,0.040309462195014
17Networks_LH_SalVentAttnA_Ins_1,gmd_17Networks_LH_SalVentAttnA_Ins_1zDCwei_17Networks_LH_SalVentAttnA_Ins_1zDCbin_17Networks_LH_SalVentAttnA_Ins_1zReHo_17Networks_LH_SalVentAttnA_Ins_1zfALFF_17Networks_LH_SalVentAttnA_Ins_1zALFF_17Networks_LH_SalVentAttnA_Ins_1,-0.060229307763919,0.395468016629105,0.147254760901912,0.148347713819213,0,0.183694320649974,0.084952732245718,0.899488236482003
17Networks_LH_SalVentAttnA_ParOper_1,gmd_17Networks_LH_SalVentAttnA_ParOper_1zDCwei_17Networks_LH_SalVentAttnA_ParOper_1zDCbin_17Networks_LH_SalVentAttnA_ParOper_1zReHo_17Networks_LH_SalVentAttnA_ParOper_1zfALFF_17Networks_LH_SalVentAttnA_ParOper_1zALFF_17Networks_LH_SalVentAttnA_ParOper_1,0.008711769370086,0.138581942917312,-0.11446959327113,-0.123066969312259,0,0.012036801668055,0.108694685995503,0.030488637367567
17Networks_LH_DorsAttnB_FEF_1,gmd_17Networks_LH_DorsAttnB_FEF_1zDCwei_17Networks_LH_DorsAttnB_FEF_1zDCbin_17Networks_LH_DorsAttnB_FEF_1zReHo_17Networks_LH_DorsAttnB_FEF_1zfALFF_17Networks_LH_DorsAttnB_FEF_1zALFF_17Networks_LH_DorsAttnB_FEF_1,0.148308773966368,-0.090522249747153,-0.074627064524591,-0.064689746591185,0,0.052191583317411,-0.044002899704566,-0.073341603283716
17Networks_LH_DorsAttnB_PostC_3,gmd_17Networks_LH_DorsAttnB_PostC_3zDCwei_17Networks_LH_DorsAttnB_PostC_3zDCbin_17Networks_LH_DorsAttnB_PostC_3zReHo_17Networks_LH_DorsAttnB_PostC_3zfALFF_17Networks_LH_DorsAttnB_PostC_3zALFF_17Networks_LH_DorsAttnB_PostC_3,0.089567501146438,-0.092529049909521,-0.034951450988494,-0.022130840272791,0,-0.086015194685446,0.131613938453609,-0.014445096256205
17Networks_LH_DorsAttnB_PostC_2,gmd_17Networks_LH_DorsAttnB_PostC_2zDCwei_17Networks_LH_DorsAttnB_PostC_2zDCbin_17Networks_LH_DorsAttnB_PostC_2zReHo_17Networks_LH_DorsAttnB_PostC_2zfALFF_17Networks_LH_DorsAttnB_PostC_2zALFF_17Networks_LH_DorsAttnB_PostC_2,0.118787405496932,-0.133726832969098,-0.083911116815975,-0.0503657654938,0,-0.172576381675162,0.054496289226038,-0.267296402231065
17Networks_LH_DorsAttnB_PostC_1,gmd_17Networks_LH_DorsAttnB_PostC_1zDCwei_17Networks_LH_DorsAttnB_PostC_1zDCbin_17Networks_LH_DorsAttnB_PostC_1zReHo_17Networks_LH_DorsAttnB_PostC_1zfALFF_17Networks_LH_DorsAttnB_PostC_1zALFF_17Networks_LH_DorsAttnB_PostC_1,0.032680966676583,-0.192720717106827,-0.178879280784186,-0.179456907708006,0,-0.08365888175522,-0.012378481523816,-0.614413302201472
17Networks_LH_DorsAttnA_SPL_1,gmd_17Networks_LH_DorsAttnA_SPL_1zDCwei_17Networks_LH_DorsAttnA_SPL_1zDCbin_17Networks_LH_DorsAttnA_SPL_1zReHo_17Networks_LH_DorsAttnA_SPL_1zfALFF_17Networks_LH_DorsAttnA_SPL_1zALFF_17Networks_LH_DorsAttnA_SPL_1,-0.011639067305168,-0.154532427978013,-0.016550562057561,-0.011636017963624,0,-0.142757200407775,-0.066525079213336,-0.403640354925477
17Networks_LH_DorsAttnA_ParOcc_1,gmd_17Networks_LH_DorsAttnA_ParOcc_1zDCwei_17Networks_LH_DorsAttnA_ParOcc_1zDCbin_17Networks_LH_DorsAttnA_ParOcc_1zReHo_17Networks_LH_DorsAttnA_ParOcc_1zfALFF_17Networks_LH_DorsAttnA_ParOcc_1zALFF_17Networks_LH_DorsAttnA_ParOcc_1,0.066692993462719,-0.012123502573459,-0.131692023854331,-0.131710299787611,0,0.009980740283465,-0.012507026619005,-0.211359119088222
17Networks_LH_DorsAttnA_TempOcc_1,gmd_17Networks_LH_DorsAttnA_TempOcc_1zDCwei_17Networks_LH_DorsAttnA_TempOcc_1zDCbin_17Networks_LH_DorsAttnA_TempOcc_1zReHo_17Networks_LH_DorsAttnA_TempOcc_1zfALFF_17Networks_LH_DorsAttnA_TempOcc_1zALFF_17Networks_LH_DorsAttnA_TempOcc_1,-0.084332313661845,-0.052753410963172,-0.135186064913439,-0.1404520162449,0,-0.0647620333593,0.075180166051771,-0.402305673090885
17Networks_LH_SomMotB_Cent_1,gmd_17Networks_LH_SomMotB_Cent_1zDCwei_17Networks_LH_SomMotB_Cent_1zDCbin_17Networks_LH_SomMotB_Cent_1zReHo_17Networks_LH_SomMotB_Cent_1zfALFF_17Networks_LH_SomMotB_Cent_1zALFF_17Networks_LH_SomMotB_Cent_1,0.062324913495181,-0.206128311672452,-0.062032046296237,-0.061121288449985,0,-0.036587226416311,0.039406313134967,-0.264137646204837
17Networks_LH_SomMotB_S2_2,gmd_17Networks_LH_SomMotB_S2_2zDCwei_17Networks_LH_SomMotB_S2_2zDCbin_17Networks_LH_SomMotB_S2_2zReHo_17Networks_LH_SomMotB_S2_2zfALFF_17Networks_LH_SomMotB_S2_2zALFF_17Networks_LH_SomMotB_S2_2,0.012886745654897,0.195806908653581,-0.130350743829302,-0.120487843582935,0,0.043886397265523,-0.017915953099049,-0.016174488937285
17Networks_LH_SomMotB_S2_1,gmd_17Networks_LH_SomMotB_S2_1zDCwei_17Networks_LH_SomMotB_S2_1zDCbin_17Networks_LH_SomMotB_S2_1zReHo_17Networks_LH_SomMotB_S2_1zfALFF_17Networks_LH_SomMotB_S2_1zALFF_17Networks_LH_SomMotB_S2_1,0.070303647540027,0.185652678358621,-0.108165258159158,-0.11386135727276,0,0.139840799569087,0.111587677858876,0.285358187894693
17Networks_LH_SomMotB_Aud_1,gmd_17Networks_LH_SomMotB_Aud_1zDCwei_17Networks_LH_SomMotB_Aud_1zDCbin_17Networks_LH_SomMotB_Aud_1zReHo_17Networks_LH_SomMotB_Aud_1zfALFF_17Networks_LH_SomMotB_Aud_1zALFF_17Networks_LH_SomMotB_Aud_1,0.096384730725022,0.20840154440632,-0.090900223668556,-0.108857549136764,0,0.179360411293932,0.085572264026363,0.369961177646317
17Networks_LH_SomMotA_2,gmd_17Networks_LH_SomMotA_2zDCwei_17Networks_LH_SomMotA_2zDCbin_17Networks_LH_SomMotA_2zReHo_17Networks_LH_SomMotA_2zfALFF_17Networks_LH_SomMotA_2zALFF_17Networks_LH_SomMotA_2,0.113371436822432,-0.01607652075497,-0.069440098325191,-0.048689568903115,0,0.031695873224672,0.089411825666915,0.100272947730743
17Networks_LH_SomMotA_1,gmd_17Networks_LH_SomMotA_1zDCwei_17Networks_LH_SomMotA_1zDCbin_17Networks_LH_SomMotA_1zReHo_17Networks_LH_SomMotA_1zfALFF_17Networks_LH_SomMotA_1zALFF_17Networks_LH_SomMotA_1,0.220343650505866,0.064222201930888,-0.007479770175552,0.00056283112842,0,0.127455065961245,0.019139877555297,0.424243856906164
17Networks_LH_VisPeri_ExStrSup_1,gmd_17Networks_LH_VisPeri_ExStrSup_1zDCwei_17Networks_LH_VisPeri_ExStrSup_1zDCbin_17Networks_LH_VisPeri_ExStrSup_1zReHo_17Networks_LH_VisPeri_ExStrSup_1zfALFF_17Networks_LH_VisPeri_ExStrSup_1zALFF_17Networks_LH_VisPeri_ExStrSup_1,0.031106926549671,0.039309804146119,-0.083633769300632,-0.080061555360229,0,-0.051277136581921,-0.122508778099806,-0.267064508646798
17Networks_LH_VisPeri_StriCal_1,gmd_17Networks_LH_VisPeri_StriCal_1zDCwei_17Networks_LH_VisPeri_StriCal_1zDCbin_17Networks_LH_VisPeri_StriCal_1zReHo_17Networks_LH_VisPeri_StriCal_1zfALFF_17Networks_LH_VisPeri_StriCal_1zALFF_17Networks_LH_VisPeri_StriCal_1,-0.05618294458168,0.03531519641634,-0.03624907181802,-0.060830929246261,0,-0.013428658311504,0.081024840598657,-0.050351566942468
17Networks_LH_VisPeri_ExStrInf_1,gmd_17Networks_LH_VisPeri_ExStrInf_1zDCwei_17Networks_LH_VisPeri_ExStrInf_1zDCbin_17Networks_LH_VisPeri_ExStrInf_1zReHo_17Networks_LH_VisPeri_ExStrInf_1zfALFF_17Networks_LH_VisPeri_ExStrInf_1zALFF_17Networks_LH_VisPeri_ExStrInf_1,-0.045122041646599,0.053277393830851,-0.038912363908224,-0.066698030382009,0,-0.034671231601929,-0.054397031351801,-0.186523305059711
17Networks_LH_VisCent_ExStr_3,gmd_17Networks_LH_VisCent_ExStr_3zDCwei_17Networks_LH_VisCent_ExStr_3zDCbin_17Networks_LH_VisCent_ExStr_3zReHo_17Networks_LH_VisCent_ExStr_3zfALFF_17Networks_LH_VisCent_ExStr_3zALFF_17Networks_LH_VisCent_ExStr_3,0.041605245729738,-0.039810121394726,-0.02612257028955,-0.023726294435645,0,-0.04106534711373,-0.103074523362652,-0.192193610866565
17Networks_LH_VisCent_Striate_1,gmd_17Networks_LH_VisCent_Striate_1zDCwei_17Networks_LH_VisCent_Striate_1zDCbin_17Networks_LH_VisCent_Striate_1zReHo_17Networks_LH_VisCent_Striate_1zfALFF_17Networks_LH_VisCent_Striate_1zALFF_17Networks_LH_VisCent_Striate_1,-0.074977719564134,0.123683541251224,-0.055149098911959,-0.053550145878101,0,-0.005421815829734,-0.007012338021802,-0.072427576954506
17Networks_LH_VisCent_ExStr_2,gmd_17Networks_LH_VisCent_ExStr_2zDCwei_17Networks_LH_VisCent_ExStr_2zDCbin_17Networks_LH_VisCent_ExStr_2zReHo_17Networks_LH_VisCent_ExStr_2zfALFF_17Networks_LH_VisCent_ExStr_2zALFF_17Networks_LH_VisCent_ExStr_2,0.014580458434004,0.091389822300171,0.007140023320015,0.010240826548666,0,0.045321391191091,0.068882461028562,0.237554982822509
17Networks_LH_VisCent_ExStr_1,gmd_17Networks_LH_VisCent_ExStr_1zDCwei_17Networks_LH_VisCent_ExStr_1zDCbin_17Networks_LH_VisCent_ExStr_1zReHo_17Networks_LH_VisCent_ExStr_1zfALFF_17Networks_LH_VisCent_ExStr_1zALFF_17Networks_LH_VisCent_ExStr_1,0.050352814796425,0.077729786063951,-0.00730210993207,-0.000396370872536,0,0.027805454241202,0.051217333971753,0.199406908268725
